Столбец1;Столбец2;Столбец3;Столбец4;Столбец5;Столбец6;Столбец7
1;2;3;4;5;6;7
1;2;3;4;5;6;7
1;2;3;4;5;6;7
1;2;3;4;5;6;7
1;2;3;4;5;6;7
1;2;3;4;5;6;7
1;2;3;4;5;6;7
1;2;3;4;5;6;7
1;2;3;4;5;6;7
1;2;3;4;5;6;7
1;2;3;4;5;6;7
1;2;3;4;5;6;7
1;2;3;4;5;6;7
1;2;3;4;5;6;7
1;2;3;4;5;6;7
1;2;3;4;5;6;7
1;2;3;4;5;6;7
1;2;3;4;5;6;7
1;2;3;4;5;6;7
1;2;3;4;5;6;7
1;2;3;4;5;6;7
1;2;3;4;5;6;7
1;2;3;4;5;6;7
1;2;3;4;5;6;7
1;2;3;4;5;6;7
1;2;3;4;5;6;7
1;2;3;4;5;6;7
1;2;3;4;5;6;7
1;2;3;4;5;6;7
1;2;3;4;5;6;7
1;2;3;4;5;6;7
1;2;3;4;5;6;7
1;2;3;4;5;6;7
1;2;3;4;5;6;7
1;2;3;4;5;6;7
1;2;3;4;5;6;7
1;2;3;4;5;6;7
1;2;3;4;5;6;7
1;2;3;4;5;6;7
1;2;3;4;5;6;7
1;2;3;4;5;6;7
1;2;3;4;5;6;7
1;2;3;4;5;6;7
1;2;3;4;5;6;7
1;2;3;4;5;6;7
1;2;3;4;5;6;7
1;2;3;4;5;6;7
1;2;3;4;5;6;7
1;2;3;4;5;6;7
1;2;3;4;5;6;7
1;2;3;4;5;6;7
1;2;3;4;5;6;7
1;2;3;4;5;6;7
1;2;3;4;5;6;7
1;2;3;4;5;6;7
1;2;3;4;5;6;7
1;2;3;4;5;6;7
1;2;3;4;5;6;7
1;2;3;4;5;6;7
1;2;3;4;5;6;7
1;2;3;4;5;6;7
1;2;3;4;5;6;7
1;2;3;4;5;6;7
1;2;3;4;5;6;7
1;2;3;4;5;6;7
1;2;3;4;5;6;7
1;2;3;4;5;6;7
1;2;3;4;5;6;7
1;2;3;4;5;6;7
1;2;3;4;5;6;7
1;2;3;4;5;6;7
1;2;3;4;5;6;7
1;2;3;4;5;6;7
1;2;3;4;5;6;7
1;2;3;4;5;6;7
1;2;3;4;5;6;7
1;2;3;4;5;6;7
1;2;3;4;5;6;7
1;2;3;4;5;6;7
1;2;3;4;5;6;7
1;2;3;4;5;6;7
1;2;3;4;5;6;7
1;2;3;4;5;6;7
1;2;3;4;5;6;7
1;2;3;4;5;6;7
1;2;3;4;5;6;7
1;2;3;4;5;6;7
1;2;3;4;5;6;7
1;2;3;4;5;6;7
1;2;3;4;5;6;7
1;2;3;4;5;6;7
1;2;3;4;5;6;7
1;2;3;4;5;6;7
1;2;3;4;5;6;7
1;2;3;4;5;6;7
1;2;3;4;5;6;7
1;2;3;4;5;6;7
1;2;3;4;5;6;7
1;2;3;4;5;6;7
1;2;3;4;5;6;7
1;2;3;4;5;6;7
1;2;3;4;5;6;7
1;2;3;4;5;6;7
1;2;3;4;5;6;7
1;2;3;4;5;6;7
1;2;3;4;5;6;7
1;2;3;4;5;6;7
1;2;3;4;5;6;7
1;2;3;4;5;6;7
1;2;3;4;5;6;7
1;2;3;4;5;6;7
1;2;3;4;5;6;7
1;2;3;4;5;6;7
1;2;3;4;5;6;7
1;2;3;4;5;6;7
1;2;3;4;5;6;7
1;2;3;4;5;6;7
1;2;3;4;5;6;7
1;2;3;4;5;6;7
1;2;3;4;5;6;7
1;2;3;4;5;6;7
1;2;3;4;5;6;7
1;2;3;4;5;6;7
1;2;3;4;5;6;7
1;2;3;4;5;6;7
1;2;3;4;5;6;7
1;2;3;4;5;6;7
1;2;3;4;5;6;7
1;2;3;4;5;6;7
1;2;3;4;5;6;7
1;2;3;4;5;6;7
1;2;3;4;5;6;7
1;2;3;4;5;6;7
1;2;3;4;5;6;7
1;2;3;4;5;6;7
1;2;3;4;5;6;7
1;2;3;4;5;6;7
1;2;3;4;5;6;7
1;2;3;4;5;6;7
1;2;3;4;5;6;7
1;2;3;4;5;6;7
1;2;3;4;5;6;7
1;2;3;4;5;6;7
1;2;3;4;5;6;7
1;2;3;4;5;6;7
1;2;3;4;5;6;7
1;2;3;4;5;6;7
1;2;3;4;5;6;7
1;2;3;4;5;6;7
1;2;3;4;5;6;7
1;2;3;4;5;6;7
1;2;3;4;5;6;7
1;2;3;4;5;6;7
1;2;3;4;5;6;7
1;2;3;4;5;6;7
1;2;3;4;5;6;7
1;2;3;4;5;6;7
1;2;3;4;5;6;7
1;2;3;4;5;6;7
1;2;3;4;5;6;7
1;2;3;4;5;6;7
1;2;3;4;5;6;7
1;2;3;4;5;6;7
1;2;3;4;5;6;7
1;2;3;4;5;6;7
1;2;3;4;5;6;7
1;2;3;4;5;6;7
1;2;3;4;5;6;7
1;2;3;4;5;6;7
1;2;3;4;5;6;7
1;2;3;4;5;6;7
1;2;3;4;5;6;7
1;2;3;4;5;6;7
1;2;3;4;5;6;7
1;2;3;4;5;6;7
1;2;3;4;5;6;7
1;2;3;4;5;6;7
1;2;3;4;5;6;7
1;2;3;4;5;6;7
1;2;3;4;5;6;7
1;2;3;4;5;6;7
1;2;3;4;5;6;7
1;2;3;4;5;6;7
1;2;3;4;5;6;7
1;2;3;4;5;6;7
1;2;3;4;5;6;7
1;2;3;4;5;6;7
1;2;3;4;5;6;7
1;2;3;4;5;6;7
1;2;3;4;5;6;7
1;2;3;4;5;6;7
1;2;3;4;5;6;7
1;2;3;4;5;6;7
1;2;3;4;5;6;7
1;2;3;4;5;6;7
1;2;3;4;5;6;7
1;2;3;4;5;6;7
1;2;3;4;5;6;7
1;2;3;4;5;6;7
1;2;3;4;5;6;7
1;2;3;4;5;6;7
1;2;3;4;5;6;7
1;2;3;4;5;6;7
1;2;3;4;5;6;7
1;2;3;4;5;6;7
1;2;3;4;5;6;7
1;2;3;4;5;6;7
1;2;3;4;5;6;7
1;2;3;4;5;6;7
1;2;3;4;5;6;7
1;2;3;4;5;6;7
1;2;3;4;5;6;7
1;2;3;4;5;6;7
1;2;3;4;5;6;7
1;2;3;4;5;6;7
1;2;3;4;5;6;7
1;2;3;4;5;6;7
1;2;3;4;5;6;7
1;2;3;4;5;6;7
1;2;3;4;5;6;7
1;2;3;4;5;6;7
1;2;3;4;5;6;7
1;2;3;4;5;6;7
1;2;3;4;5;6;7
1;2;3;4;5;6;7
1;2;3;4;5;6;7
1;2;3;4;5;6;7
1;2;3;4;5;6;7
1;2;3;4;5;6;7
1;2;3;4;5;6;7
1;2;3;4;5;6;7
1;2;3;4;5;6;7
1;2;3;4;5;6;7
1;2;3;4;5;6;7
1;2;3;4;5;6;7
1;2;3;4;5;6;7
1;2;3;4;5;6;7
1;2;3;4;5;6;7
1;2;3;4;5;6;7
1;2;3;4;5;6;7
1;2;3;4;5;6;7
1;2;3;4;5;6;7
1;2;3;4;5;6;7
1;2;3;4;5;6;7
1;2;3;4;5;6;7
1;2;3;4;5;6;7
1;2;3;4;5;6;7
1;2;3;4;5;6;7
1;2;3;4;5;6;7
1;2;3;4;5;6;7
1;2;3;4;5;6;7
1;2;3;4;5;6;7
1;2;3;4;5;6;7
1;2;3;4;5;6;7
1;2;3;4;5;6;7
1;2;3;4;5;6;7
1;2;3;4;5;6;7
1;2;3;4;5;6;7
1;2;3;4;5;6;7
1;2;3;4;5;6;7
1;2;3;4;5;6;7
1;2;3;4;5;6;7
1;2;3;4;5;6;7
1;2;3;4;5;6;7
1;2;3;4;5;6;7
1;2;3;4;5;6;7
1;2;3;4;5;6;7
1;2;3;4;5;6;7
1;2;3;4;5;6;7
1;2;3;4;5;6;7
1;2;3;4;5;6;7
1;2;3;4;5;6;7
1;2;3;4;5;6;7
1;2;3;4;5;6;7
1;2;3;4;5;6;7
1;2;3;4;5;6;7
1;2;3;4;5;6;7
1;2;3;4;5;6;7
1;2;3;4;5;6;7
1;2;3;4;5;6;7
1;2;3;4;5;6;7
1;2;3;4;5;6;7
1;2;3;4;5;6;7
1;2;3;4;5;6;7
1;2;3;4;5;6;7
1;2;3;4;5;6;7
1;2;3;4;5;6;7
1;2;3;4;5;6;7
1;2;3;4;5;6;7
1;2;3;4;5;6;7
1;2;3;4;5;6;7
1;2;3;4;5;6;7
1;2;3;4;5;6;7
1;2;3;4;5;6;7
1;2;3;4;5;6;7
1;2;3;4;5;6;7
1;2;3;4;5;6;7
1;2;3;4;5;6;7
1;2;3;4;5;6;7
1;2;3;4;5;6;7
1;2;3;4;5;6;7
1;2;3;4;5;6;7
1;2;3;4;5;6;7
1;2;3;4;5;6;7
1;2;3;4;5;6;7
1;2;3;4;5;6;7
1;2;3;4;5;6;7
1;2;3;4;5;6;7
1;2;3;4;5;6;7
1;2;3;4;5;6;7
1;2;3;4;5;6;7
1;2;3;4;5;6;7
1;2;3;4;5;6;7
1;2;3;4;5;6;7
1;2;3;4;5;6;7
1;2;3;4;5;6;7
1;2;3;4;5;6;7
1;2;3;4;5;6;7
1;2;3;4;5;6;7
1;2;3;4;5;6;7
1;2;3;4;5;6;7
1;2;3;4;5;6;7
1;2;3;4;5;6;7
1;2;3;4;5;6;7
1;2;3;4;5;6;7
1;2;3;4;5;6;7
1;2;3;4;5;6;7
1;2;3;4;5;6;7
1;2;3;4;5;6;7
1;2;3;4;5;6;7
1;2;3;4;5;6;7
1;2;3;4;5;6;7
1;2;3;4;5;6;7
1;2;3;4;5;6;7
1;2;3;4;5;6;7
1;2;3;4;5;6;7
1;2;3;4;5;6;7
1;2;3;4;5;6;7
1;2;3;4;5;6;7
1;2;3;4;5;6;7
1;2;3;4;5;6;7
1;2;3;4;5;6;7
1;2;3;4;5;6;7
1;2;3;4;5;6;7
1;2;3;4;5;6;7
1;2;3;4;5;6;7
1;2;3;4;5;6;7
1;2;3;4;5;6;7
1;2;3;4;5;6;7
1;2;3;4;5;6;7
1;2;3;4;5;6;7
1;2;3;4;5;6;7
1;2;3;4;5;6;7
1;2;3;4;5;6;7
1;2;3;4;5;6;7
1;2;3;4;5;6;7
1;2;3;4;5;6;7
1;2;3;4;5;6;7
1;2;3;4;5;6;7
1;2;3;4;5;6;7
1;2;3;4;5;6;7
1;2;3;4;5;6;7
1;2;3;4;5;6;7
1;2;3;4;5;6;7
1;2;3;4;5;6;7
1;2;3;4;5;6;7
1;2;3;4;5;6;7
1;2;3;4;5;6;7
1;2;3;4;5;6;7
1;2;3;4;5;6;7
1;2;3;4;5;6;7
1;2;3;4;5;6;7
1;2;3;4;5;6;7
1;2;3;4;5;6;7
1;2;3;4;5;6;7
1;2;3;4;5;6;7
1;2;3;4;5;6;7
1;2;3;4;5;6;7
1;2;3;4;5;6;7
1;2;3;4;5;6;7
1;2;3;4;5;6;7
1;2;3;4;5;6;7
1;2;3;4;5;6;7
1;2;3;4;5;6;7
1;2;3;4;5;6;7
1;2;3;4;5;6;7
1;2;3;4;5;6;7
1;2;3;4;5;6;7
1;2;3;4;5;6;7
1;2;3;4;5;6;7
1;2;3;4;5;6;7
1;2;3;4;5;6;7
1;2;3;4;5;6;7
1;2;3;4;5;6;7
1;2;3;4;5;6;7
1;2;3;4;5;6;7
1;2;3;4;5;6;7
1;2;3;4;5;6;7
1;2;3;4;5;6;7
1;2;3;4;5;6;7
1;2;3;4;5;6;7
1;2;3;4;5;6;7
1;2;3;4;5;6;7
1;2;3;4;5;6;7
1;2;3;4;5;6;7
1;2;3;4;5;6;7
1;2;3;4;5;6;7
1;2;3;4;5;6;7
1;2;3;4;5;6;7
1;2;3;4;5;6;7
1;2;3;4;5;6;7
1;2;3;4;5;6;7
1;2;3;4;5;6;7
1;2;3;4;5;6;7
1;2;3;4;5;6;7
1;2;3;4;5;6;7
1;2;3;4;5;6;7
1;2;3;4;5;6;7
1;2;3;4;5;6;7
1;2;3;4;5;6;7
1;2;3;4;5;6;7
1;2;3;4;5;6;7
1;2;3;4;5;6;7
1;2;3;4;5;6;7
1;2;3;4;5;6;7
1;2;3;4;5;6;7
1;2;3;4;5;6;7
1;2;3;4;5;6;7
1;2;3;4;5;6;7
1;2;3;4;5;6;7
1;2;3;4;5;6;7
1;2;3;4;5;6;7
1;2;3;4;5;6;7
1;2;3;4;5;6;7
1;2;3;4;5;6;7
1;2;3;4;5;6;7
1;2;3;4;5;6;7
1;2;3;4;5;6;7
1;2;3;4;5;6;7
1;2;3;4;5;6;7
1;2;3;4;5;6;7
1;2;3;4;5;6;7
1;2;3;4;5;6;7
1;2;3;4;5;6;7
1;2;3;4;5;6;7
1;2;3;4;5;6;7
1;2;3;4;5;6;7
1;2;3;4;5;6;7
1;2;3;4;5;6;7
1;2;3;4;5;6;7
1;2;3;4;5;6;7
1;2;3;4;5;6;7
1;2;3;4;5;6;7
1;2;3;4;5;6;7
1;2;3;4;5;6;7
1;2;3;4;5;6;7
1;2;3;4;5;6;7
1;2;3;4;5;6;7
1;2;3;4;5;6;7
1;2;3;4;5;6;7
1;2;3;4;5;6;7
1;2;3;4;5;6;7
1;2;3;4;5;6;7
1;2;3;4;5;6;7
1;2;3;4;5;6;7
1;2;3;4;5;6;7
1;2;3;4;5;6;7
1;2;3;4;5;6;7
1;2;3;4;5;6;7
1;2;3;4;5;6;7
1;2;3;4;5;6;7
1;2;3;4;5;6;7
1;2;3;4;5;6;7
1;2;3;4;5;6;7
1;2;3;4;5;6;7
1;2;3;4;5;6;7
1;2;3;4;5;6;7
1;2;3;4;5;6;7
1;2;3;4;5;6;7
1;2;3;4;5;6;7
1;2;3;4;5;6;7
1;2;3;4;5;6;7
1;2;3;4;5;6;7
1;2;3;4;5;6;7
1;2;3;4;5;6;7
1;2;3;4;5;6;7
1;2;3;4;5;6;7
1;2;3;4;5;6;7
1;2;3;4;5;6;7
1;2;3;4;5;6;7
1;2;3;4;5;6;7
1;2;3;4;5;6;7
1;2;3;4;5;6;7
1;2;3;4;5;6;7
1;2;3;4;5;6;7
1;2;3;4;5;6;7
1;2;3;4;5;6;7
1;2;3;4;5;6;7
1;2;3;4;5;6;7
1;2;3;4;5;6;7
1;2;3;4;5;6;7
1;2;3;4;5;6;7
1;2;3;4;5;6;7
1;2;3;4;5;6;7
1;2;3;4;5;6;7
1;2;3;4;5;6;7
1;2;3;4;5;6;7
1;2;3;4;5;6;7
1;2;3;4;5;6;7
1;2;3;4;5;6;7
1;2;3;4;5;6;7
1;2;3;4;5;6;7
1;2;3;4;5;6;7
1;2;3;4;5;6;7
1;2;3;4;5;6;7
1;2;3;4;5;6;7
1;2;3;4;5;6;7
1;2;3;4;5;6;7
1;2;3;4;5;6;7
1;2;3;4;5;6;7
1;2;3;4;5;6;7
1;2;3;4;5;6;7
1;2;3;4;5;6;7
1;2;3;4;5;6;7
1;2;3;4;5;6;7
1;2;3;4;5;6;7
1;2;3;4;5;6;7
1;2;3;4;5;6;7
1;2;3;4;5;6;7
1;2;3;4;5;6;7
1;2;3;4;5;6;7
1;2;3;4;5;6;7
1;2;3;4;5;6;7
1;2;3;4;5;6;7
1;2;3;4;5;6;7
1;2;3;4;5;6;7
1;2;3;4;5;6;7
1;2;3;4;5;6;7
1;2;3;4;5;6;7
1;2;3;4;5;6;7
1;2;3;4;5;6;7
1;2;3;4;5;6;7
1;2;3;4;5;6;7
1;2;3;4;5;6;7
1;2;3;4;5;6;7
1;2;3;4;5;6;7
1;2;3;4;5;6;7
1;2;3;4;5;6;7
1;2;3;4;5;6;7
1;2;3;4;5;6;7
1;2;3;4;5;6;7
1;2;3;4;5;6;7
1;2;3;4;5;6;7
1;2;3;4;5;6;7
1;2;3;4;5;6;7
1;2;3;4;5;6;7
1;2;3;4;5;6;7
1;2;3;4;5;6;7
1;2;3;4;5;6;7
1;2;3;4;5;6;7
1;2;3;4;5;6;7
1;2;3;4;5;6;7
1;2;3;4;5;6;7
1;2;3;4;5;6;7
1;2;3;4;5;6;7
1;2;3;4;5;6;7
1;2;3;4;5;6;7
1;2;3;4;5;6;7
1;2;3;4;5;6;7
1;2;3;4;5;6;7
1;2;3;4;5;6;7
1;2;3;4;5;6;7
1;2;3;4;5;6;7
1;2;3;4;5;6;7
1;2;3;4;5;6;7
1;2;3;4;5;6;7
1;2;3;4;5;6;7
1;2;3;4;5;6;7
1;2;3;4;5;6;7
1;2;3;4;5;6;7
1;2;3;4;5;6;7
1;2;3;4;5;6;7
1;2;3;4;5;6;7
1;2;3;4;5;6;7
1;2;3;4;5;6;7
1;2;3;4;5;6;7
1;2;3;4;5;6;7
1;2;3;4;5;6;7
1;2;3;4;5;6;7
1;2;3;4;5;6;7
1;2;3;4;5;6;7
1;2;3;4;5;6;7
1;2;3;4;5;6;7
1;2;3;4;5;6;7
1;2;3;4;5;6;7
1;2;3;4;5;6;7
1;2;3;4;5;6;7
1;2;3;4;5;6;7
1;2;3;4;5;6;7
1;2;3;4;5;6;7
1;2;3;4;5;6;7
1;2;3;4;5;6;7
1;2;3;4;5;6;7
1;2;3;4;5;6;7
1;2;3;4;5;6;7
1;2;3;4;5;6;7
1;2;3;4;5;6;7
1;2;3;4;5;6;7
1;2;3;4;5;6;7
1;2;3;4;5;6;7
1;2;3;4;5;6;7
1;2;3;4;5;6;7
1;2;3;4;5;6;7
1;2;3;4;5;6;7
1;2;3;4;5;6;7
1;2;3;4;5;6;7
1;2;3;4;5;6;7
1;2;3;4;5;6;7
1;2;3;4;5;6;7
1;2;3;4;5;6;7
1;2;3;4;5;6;7
1;2;3;4;5;6;7
1;2;3;4;5;6;7
1;2;3;4;5;6;7
1;2;3;4;5;6;7
1;2;3;4;5;6;7
1;2;3;4;5;6;7
1;2;3;4;5;6;7
1;2;3;4;5;6;7
1;2;3;4;5;6;7
1;2;3;4;5;6;7
1;2;3;4;5;6;7
1;2;3;4;5;6;7
1;2;3;4;5;6;7
1;2;3;4;5;6;7
1;2;3;4;5;6;7
1;2;3;4;5;6;7
1;2;3;4;5;6;7
1;2;3;4;5;6;7
1;2;3;4;5;6;7
1;2;3;4;5;6;7
1;2;3;4;5;6;7
1;2;3;4;5;6;7
1;2;3;4;5;6;7
1;2;3;4;5;6;7
1;2;3;4;5;6;7
1;2;3;4;5;6;7
1;2;3;4;5;6;7
1;2;3;4;5;6;7
1;2;3;4;5;6;7
1;2;3;4;5;6;7
1;2;3;4;5;6;7
1;2;3;4;5;6;7
1;2;3;4;5;6;7
1;2;3;4;5;6;7
1;2;3;4;5;6;7
1;2;3;4;5;6;7
1;2;3;4;5;6;7
1;2;3;4;5;6;7
1;2;3;4;5;6;7
1;2;3;4;5;6;7
1;2;3;4;5;6;7
1;2;3;4;5;6;7
1;2;3;4;5;6;7
1;2;3;4;5;6;7
1;2;3;4;5;6;7
1;2;3;4;5;6;7
1;2;3;4;5;6;7
1;2;3;4;5;6;7
1;2;3;4;5;6;7
1;2;3;4;5;6;7
1;2;3;4;5;6;7
1;2;3;4;5;6;7
1;2;3;4;5;6;7
1;2;3;4;5;6;7
1;2;3;4;5;6;7
1;2;3;4;5;6;7
1;2;3;4;5;6;7
1;2;3;4;5;6;7
1;2;3;4;5;6;7
1;2;3;4;5;6;7
1;2;3;4;5;6;7
1;2;3;4;5;6;7
1;2;3;4;5;6;7
1;2;3;4;5;6;7
1;2;3;4;5;6;7
1;2;3;4;5;6;7
1;2;3;4;5;6;7
1;2;3;4;5;6;7
1;2;3;4;5;6;7
1;2;3;4;5;6;7
1;2;3;4;5;6;7
1;2;3;4;5;6;7
1;2;3;4;5;6;7
1;2;3;4;5;6;7
1;2;3;4;5;6;7
1;2;3;4;5;6;7
1;2;3;4;5;6;7
1;2;3;4;5;6;7
1;2;3;4;5;6;7
1;2;3;4;5;6;7
1;2;3;4;5;6;7
1;2;3;4;5;6;7
1;2;3;4;5;6;7
1;2;3;4;5;6;7
1;2;3;4;5;6;7
1;2;3;4;5;6;7
1;2;3;4;5;6;7
1;2;3;4;5;6;7
1;2;3;4;5;6;7
1;2;3;4;5;6;7
1;2;3;4;5;6;7
1;2;3;4;5;6;7
1;2;3;4;5;6;7
1;2;3;4;5;6;7
1;2;3;4;5;6;7
1;2;3;4;5;6;7
1;2;3;4;5;6;7
1;2;3;4;5;6;7
1;2;3;4;5;6;7
1;2;3;4;5;6;7
1;2;3;4;5;6;7
1;2;3;4;5;6;7
1;2;3;4;5;6;7
1;2;3;4;5;6;7
1;2;3;4;5;6;7
1;2;3;4;5;6;7
1;2;3;4;5;6;7
1;2;3;4;5;6;7
1;2;3;4;5;6;7
1;2;3;4;5;6;7
1;2;3;4;5;6;7
1;2;3;4;5;6;7
1;2;3;4;5;6;7
1;2;3;4;5;6;7
1;2;3;4;5;6;7
1;2;3;4;5;6;7
1;2;3;4;5;6;7
1;2;3;4;5;6;7
1;2;3;4;5;6;7
1;2;3;4;5;6;7
1;2;3;4;5;6;7
1;2;3;4;5;6;7
1;2;3;4;5;6;7
1;2;3;4;5;6;7
1;2;3;4;5;6;7
1;2;3;4;5;6;7
1;2;3;4;5;6;7
1;2;3;4;5;6;7
1;2;3;4;5;6;7
1;2;3;4;5;6;7
1;2;3;4;5;6;7
1;2;3;4;5;6;7
1;2;3;4;5;6;7
1;2;3;4;5;6;7
1;2;3;4;5;6;7
1;2;3;4;5;6;7
1;2;3;4;5;6;7
1;2;3;4;5;6;7
1;2;3;4;5;6;7
1;2;3;4;5;6;7
1;2;3;4;5;6;7
1;2;3;4;5;6;7
1;2;3;4;5;6;7
1;2;3;4;5;6;7
1;2;3;4;5;6;7
1;2;3;4;5;6;7
1;2;3;4;5;6;7
1;2;3;4;5;6;7
1;2;3;4;5;6;7
1;2;3;4;5;6;7
1;2;3;4;5;6;7
1;2;3;4;5;6;7
1;2;3;4;5;6;7
1;2;3;4;5;6;7
1;2;3;4;5;6;7
1;2;3;4;5;6;7
1;2;3;4;5;6;7
1;2;3;4;5;6;7
1;2;3;4;5;6;7
1;2;3;4;5;6;7
1;2;3;4;5;6;7
1;2;3;4;5;6;7
1;2;3;4;5;6;7
1;2;3;4;5;6;7
1;2;3;4;5;6;7
1;2;3;4;5;6;7
1;2;3;4;5;6;7
1;2;3;4;5;6;7
1;2;3;4;5;6;7
1;2;3;4;5;6;7
1;2;3;4;5;6;7
1;2;3;4;5;6;7
1;2;3;4;5;6;7
1;2;3;4;5;6;7
1;2;3;4;5;6;7
1;2;3;4;5;6;7
1;2;3;4;5;6;7
1;2;3;4;5;6;7
1;2;3;4;5;6;7
1;2;3;4;5;6;7
1;2;3;4;5;6;7
1;2;3;4;5;6;7
1;2;3;4;5;6;7
1;2;3;4;5;6;7
1;2;3;4;5;6;7
1;2;3;4;5;6;7
1;2;3;4;5;6;7
1;2;3;4;5;6;7
1;2;3;4;5;6;7
1;2;3;4;5;6;7
1;2;3;4;5;6;7
1;2;3;4;5;6;7
1;2;3;4;5;6;7
1;2;3;4;5;6;7
1;2;3;4;5;6;7
1;2;3;4;5;6;7
1;2;3;4;5;6;7
1;2;3;4;5;6;7
1;2;3;4;5;6;7
1;2;3;4;5;6;7
1;2;3;4;5;6;7
1;2;3;4;5;6;7
1;2;3;4;5;6;7
1;2;3;4;5;6;7
1;2;3;4;5;6;7
1;2;3;4;5;6;7
1;2;3;4;5;6;7
1;2;3;4;5;6;7
1;2;3;4;5;6;7
1;2;3;4;5;6;7
1;2;3;4;5;6;7
1;2;3;4;5;6;7
1;2;3;4;5;6;7
1;2;3;4;5;6;7
1;2;3;4;5;6;7
1;2;3;4;5;6;7
1;2;3;4;5;6;7
1;2;3;4;5;6;7
1;2;3;4;5;6;7
1;2;3;4;5;6;7
1;2;3;4;5;6;7
1;2;3;4;5;6;7
1;2;3;4;5;6;7
1;2;3;4;5;6;7
1;2;3;4;5;6;7
1;2;3;4;5;6;7
1;2;3;4;5;6;7
1;2;3;4;5;6;7
1;2;3;4;5;6;7
1;2;3;4;5;6;7
1;2;3;4;5;6;7
1;2;3;4;5;6;7
1;2;3;4;5;6;7
1;2;3;4;5;6;7
1;2;3;4;5;6;7
1;2;3;4;5;6;7
1;2;3;4;5;6;7
1;2;3;4;5;6;7
1;2;3;4;5;6;7
1;2;3;4;5;6;7
1;2;3;4;5;6;7
1;2;3;4;5;6;7
1;2;3;4;5;6;7
1;2;3;4;5;6;7
1;2;3;4;5;6;7
1;2;3;4;5;6;7
1;2;3;4;5;6;7
1;2;3;4;5;6;7
1;2;3;4;5;6;7
1;2;3;4;5;6;7
1;2;3;4;5;6;7
1;2;3;4;5;6;7
1;2;3;4;5;6;7
1;2;3;4;5;6;7
1;2;3;4;5;6;7
1;2;3;4;5;6;7
1;2;3;4;5;6;7
1;2;3;4;5;6;7
1;2;3;4;5;6;7
1;2;3;4;5;6;7
1;2;3;4;5;6;7
1;2;3;4;5;6;7
1;2;3;4;5;6;7
1;2;3;4;5;6;7
1;2;3;4;5;6;7
1;2;3;4;5;6;7
1;2;3;4;5;6;7
1;2;3;4;5;6;7
1;2;3;4;5;6;7
1;2;3;4;5;6;7
1;2;3;4;5;6;7
1;2;3;4;5;6;7
1;2;3;4;5;6;7
1;2;3;4;5;6;7
1;2;3;4;5;6;7
1;2;3;4;5;6;7
1;2;3;4;5;6;7
1;2;3;4;5;6;7
1;2;3;4;5;6;7
1;2;3;4;5;6;7
1;2;3;4;5;6;7
1;2;3;4;5;6;7
1;2;3;4;5;6;7
1;2;3;4;5;6;7
1;2;3;4;5;6;7
1;2;3;4;5;6;7
1;2;3;4;5;6;7
1;2;3;4;5;6;7
1;2;3;4;5;6;7
1;2;3;4;5;6;7
1;2;3;4;5;6;7
1;2;3;4;5;6;7
1;2;3;4;5;6;7
1;2;3;4;5;6;7
1;2;3;4;5;6;7
1;2;3;4;5;6;7
1;2;3;4;5;6;7
1;2;3;4;5;6;7
1;2;3;4;5;6;7
1;2;3;4;5;6;7
1;2;3;4;5;6;7
1;2;3;4;5;6;7
1;2;3;4;5;6;7
1;2;3;4;5;6;7
1;2;3;4;5;6;7
1;2;3;4;5;6;7
1;2;3;4;5;6;7
1;2;3;4;5;6;7
1;2;3;4;5;6;7
1;2;3;4;5;6;7
1;2;3;4;5;6;7
1;2;3;4;5;6;7
1;2;3;4;5;6;7
1;2;3;4;5;6;7
1;2;3;4;5;6;7
1;2;3;4;5;6;7
1;2;3;4;5;6;7
1;2;3;4;5;6;7
1;2;3;4;5;6;7
1;2;3;4;5;6;7
1;2;3;4;5;6;7
1;2;3;4;5;6;7
1;2;3;4;5;6;7
1;2;3;4;5;6;7
1;2;3;4;5;6;7
1;2;3;4;5;6;7
1;2;3;4;5;6;7
1;2;3;4;5;6;7
1;2;3;4;5;6;7
1;2;3;4;5;6;7
1;2;3;4;5;6;7
1;2;3;4;5;6;7
1;2;3;4;5;6;7
1;2;3;4;5;6;7
1;2;3;4;5;6;7
1;2;3;4;5;6;7
1;2;3;4;5;6;7
1;2;3;4;5;6;7
1;2;3;4;5;6;7
1;2;3;4;5;6;7
1;2;3;4;5;6;7
1;2;3;4;5;6;7
1;2;3;4;5;6;7
1;2;3;4;5;6;7
1;2;3;4;5;6;7
1;2;3;4;5;6;7
1;2;3;4;5;6;7
1;2;3;4;5;6;7
1;2;3;4;5;6;7
1;2;3;4;5;6;7
1;2;3;4;5;6;7
1;2;3;4;5;6;7
1;2;3;4;5;6;7
1;2;3;4;5;6;7
1;2;3;4;5;6;7
1;2;3;4;5;6;7
1;2;3;4;5;6;7
1;2;3;4;5;6;7
1;2;3;4;5;6;7
1;2;3;4;5;6;7
1;2;3;4;5;6;7
1;2;3;4;5;6;7
1;2;3;4;5;6;7
1;2;3;4;5;6;7
1;2;3;4;5;6;7
1;2;3;4;5;6;7
1;2;3;4;5;6;7
1;2;3;4;5;6;7
1;2;3;4;5;6;7
1;2;3;4;5;6;7
1;2;3;4;5;6;7
1;2;3;4;5;6;7
1;2;3;4;5;6;7
1;2;3;4;5;6;7
1;2;3;4;5;6;7
1;2;3;4;5;6;7
1;2;3;4;5;6;7
1;2;3;4;5;6;7
1;2;3;4;5;6;7
1;2;3;4;5;6;7
1;2;3;4;5;6;7
1;2;3;4;5;6;7
1;2;3;4;5;6;7
1;2;3;4;5;6;7
1;2;3;4;5;6;7
1;2;3;4;5;6;7
1;2;3;4;5;6;7
1;2;3;4;5;6;7
1;2;3;4;5;6;7
1;2;3;4;5;6;7
1;2;3;4;5;6;7
1;2;3;4;5;6;7
1;2;3;4;5;6;7
1;2;3;4;5;6;7
1;2;3;4;5;6;7
1;2;3;4;5;6;7
1;2;3;4;5;6;7
1;2;3;4;5;6;7
1;2;3;4;5;6;7
1;2;3;4;5;6;7
1;2;3;4;5;6;7
1;2;3;4;5;6;7
1;2;3;4;5;6;7
1;2;3;4;5;6;7
1;2;3;4;5;6;7
1;2;3;4;5;6;7
1;2;3;4;5;6;7
1;2;3;4;5;6;7
1;2;3;4;5;6;7
1;2;3;4;5;6;7
1;2;3;4;5;6;7
1;2;3;4;5;6;7
1;2;3;4;5;6;7
1;2;3;4;5;6;7
1;2;3;4;5;6;7
1;2;3;4;5;6;7
1;2;3;4;5;6;7
1;2;3;4;5;6;7
1;2;3;4;5;6;7
1;2;3;4;5;6;7
1;2;3;4;5;6;7
1;2;3;4;5;6;7
1;2;3;4;5;6;7
1;2;3;4;5;6;7
1;2;3;4;5;6;7
1;2;3;4;5;6;7
1;2;3;4;5;6;7
1;2;3;4;5;6;7
1;2;3;4;5;6;7
1;2;3;4;5;6;7
1;2;3;4;5;6;7
1;2;3;4;5;6;7
1;2;3;4;5;6;7
1;2;3;4;5;6;7
1;2;3;4;5;6;7
1;2;3;4;5;6;7
1;2;3;4;5;6;7
1;2;3;4;5;6;7
1;2;3;4;5;6;7
1;2;3;4;5;6;7
1;2;3;4;5;6;7
1;2;3;4;5;6;7
1;2;3;4;5;6;7
1;2;3;4;5;6;7
1;2;3;4;5;6;7
1;2;3;4;5;6;7
1;2;3;4;5;6;7
1;2;3;4;5;6;7
1;2;3;4;5;6;7
1;2;3;4;5;6;7
1;2;3;4;5;6;7
1;2;3;4;5;6;7
1;2;3;4;5;6;7
1;2;3;4;5;6;7
1;2;3;4;5;6;7
1;2;3;4;5;6;7
1;2;3;4;5;6;7
1;2;3;4;5;6;7
1;2;3;4;5;6;7
1;2;3;4;5;6;7
1;2;3;4;5;6;7
1;2;3;4;5;6;7
1;2;3;4;5;6;7
1;2;3;4;5;6;7
1;2;3;4;5;6;7
1;2;3;4;5;6;7
1;2;3;4;5;6;7
1;2;3;4;5;6;7
1;2;3;4;5;6;7
1;2;3;4;5;6;7
1;2;3;4;5;6;7
1;2;3;4;5;6;7
1;2;3;4;5;6;7
1;2;3;4;5;6;7
1;2;3;4;5;6;7
1;2;3;4;5;6;7
1;2;3;4;5;6;7
1;2;3;4;5;6;7
1;2;3;4;5;6;7
1;2;3;4;5;6;7
1;2;3;4;5;6;7
1;2;3;4;5;6;7
1;2;3;4;5;6;7
1;2;3;4;5;6;7
1;2;3;4;5;6;7
1;2;3;4;5;6;7
1;2;3;4;5;6;7
1;2;3;4;5;6;7
1;2;3;4;5;6;7
1;2;3;4;5;6;7
1;2;3;4;5;6;7
1;2;3;4;5;6;7
1;2;3;4;5;6;7
1;2;3;4;5;6;7
1;2;3;4;5;6;7
1;2;3;4;5;6;7
1;2;3;4;5;6;7
1;2;3;4;5;6;7
1;2;3;4;5;6;7
1;2;3;4;5;6;7
1;2;3;4;5;6;7
1;2;3;4;5;6;7
1;2;3;4;5;6;7
1;2;3;4;5;6;7
1;2;3;4;5;6;7
1;2;3;4;5;6;7
1;2;3;4;5;6;7
1;2;3;4;5;6;7
1;2;3;4;5;6;7
1;2;3;4;5;6;7
1;2;3;4;5;6;7
1;2;3;4;5;6;7
1;2;3;4;5;6;7
1;2;3;4;5;6;7
1;2;3;4;5;6;7
1;2;3;4;5;6;7
1;2;3;4;5;6;7
1;2;3;4;5;6;7
1;2;3;4;5;6;7
1;2;3;4;5;6;7
1;2;3;4;5;6;7
1;2;3;4;5;6;7
1;2;3;4;5;6;7
1;2;3;4;5;6;7
1;2;3;4;5;6;7
1;2;3;4;5;6;7
1;2;3;4;5;6;7
1;2;3;4;5;6;7
1;2;3;4;5;6;7
1;2;3;4;5;6;7
1;2;3;4;5;6;7
1;2;3;4;5;6;7
1;2;3;4;5;6;7
1;2;3;4;5;6;7
1;2;3;4;5;6;7
1;2;3;4;5;6;7
1;2;3;4;5;6;7
1;2;3;4;5;6;7
1;2;3;4;5;6;7
1;2;3;4;5;6;7
1;2;3;4;5;6;7
1;2;3;4;5;6;7
1;2;3;4;5;6;7
1;2;3;4;5;6;7
1;2;3;4;5;6;7
1;2;3;4;5;6;7
1;2;3;4;5;6;7
1;2;3;4;5;6;7
1;2;3;4;5;6;7
1;2;3;4;5;6;7
1;2;3;4;5;6;7
1;2;3;4;5;6;7
1;2;3;4;5;6;7
1;2;3;4;5;6;7
1;2;3;4;5;6;7
1;2;3;4;5;6;7
1;2;3;4;5;6;7
1;2;3;4;5;6;7
1;2;3;4;5;6;7
1;2;3;4;5;6;7
1;2;3;4;5;6;7
1;2;3;4;5;6;7
1;2;3;4;5;6;7
1;2;3;4;5;6;7
1;2;3;4;5;6;7
1;2;3;4;5;6;7
1;2;3;4;5;6;7
1;2;3;4;5;6;7
1;2;3;4;5;6;7
1;2;3;4;5;6;7
1;2;3;4;5;6;7
1;2;3;4;5;6;7
1;2;3;4;5;6;7
1;2;3;4;5;6;7
1;2;3;4;5;6;7
1;2;3;4;5;6;7
1;2;3;4;5;6;7
1;2;3;4;5;6;7
1;2;3;4;5;6;7
1;2;3;4;5;6;7
1;2;3;4;5;6;7
1;2;3;4;5;6;7
1;2;3;4;5;6;7
1;2;3;4;5;6;7
1;2;3;4;5;6;7
1;2;3;4;5;6;7
1;2;3;4;5;6;7
1;2;3;4;5;6;7
1;2;3;4;5;6;7
1;2;3;4;5;6;7
1;2;3;4;5;6;7
1;2;3;4;5;6;7
1;2;3;4;5;6;7
1;2;3;4;5;6;7
1;2;3;4;5;6;7
1;2;3;4;5;6;7
1;2;3;4;5;6;7
1;2;3;4;5;6;7
1;2;3;4;5;6;7
1;2;3;4;5;6;7
1;2;3;4;5;6;7
1;2;3;4;5;6;7
1;2;3;4;5;6;7
1;2;3;4;5;6;7
1;2;3;4;5;6;7
1;2;3;4;5;6;7
1;2;3;4;5;6;7
1;2;3;4;5;6;7
1;2;3;4;5;6;7
1;2;3;4;5;6;7
1;2;3;4;5;6;7
1;2;3;4;5;6;7
1;2;3;4;5;6;7
1;2;3;4;5;6;7
1;2;3;4;5;6;7
1;2;3;4;5;6;7
1;2;3;4;5;6;7
1;2;3;4;5;6;7
1;2;3;4;5;6;7
1;2;3;4;5;6;7
1;2;3;4;5;6;7
1;2;3;4;5;6;7
1;2;3;4;5;6;7
1;2;3;4;5;6;7
1;2;3;4;5;6;7
1;2;3;4;5;6;7
1;2;3;4;5;6;7
1;2;3;4;5;6;7
1;2;3;4;5;6;7
1;2;3;4;5;6;7
1;2;3;4;5;6;7
1;2;3;4;5;6;7
1;2;3;4;5;6;7
1;2;3;4;5;6;7
1;2;3;4;5;6;7
1;2;3;4;5;6;7
1;2;3;4;5;6;7
1;2;3;4;5;6;7
1;2;3;4;5;6;7
1;2;3;4;5;6;7
1;2;3;4;5;6;7
1;2;3;4;5;6;7
1;2;3;4;5;6;7
1;2;3;4;5;6;7
1;2;3;4;5;6;7
1;2;3;4;5;6;7
1;2;3;4;5;6;7
1;2;3;4;5;6;7
1;2;3;4;5;6;7
1;2;3;4;5;6;7
1;2;3;4;5;6;7
1;2;3;4;5;6;7
1;2;3;4;5;6;7
1;2;3;4;5;6;7
1;2;3;4;5;6;7
1;2;3;4;5;6;7
1;2;3;4;5;6;7
1;2;3;4;5;6;7
1;2;3;4;5;6;7
1;2;3;4;5;6;7
1;2;3;4;5;6;7
1;2;3;4;5;6;7
1;2;3;4;5;6;7
1;2;3;4;5;6;7
1;2;3;4;5;6;7
1;2;3;4;5;6;7
1;2;3;4;5;6;7
1;2;3;4;5;6;7
1;2;3;4;5;6;7
1;2;3;4;5;6;7
1;2;3;4;5;6;7
1;2;3;4;5;6;7
1;2;3;4;5;6;7
1;2;3;4;5;6;7
1;2;3;4;5;6;7
1;2;3;4;5;6;7
1;2;3;4;5;6;7
1;2;3;4;5;6;7
1;2;3;4;5;6;7
1;2;3;4;5;6;7
1;2;3;4;5;6;7
1;2;3;4;5;6;7
1;2;3;4;5;6;7
1;2;3;4;5;6;7
1;2;3;4;5;6;7
1;2;3;4;5;6;7
1;2;3;4;5;6;7
1;2;3;4;5;6;7
1;2;3;4;5;6;7
1;2;3;4;5;6;7
1;2;3;4;5;6;7
1;2;3;4;5;6;7
1;2;3;4;5;6;7
1;2;3;4;5;6;7
1;2;3;4;5;6;7
1;2;3;4;5;6;7
1;2;3;4;5;6;7
1;2;3;4;5;6;7
1;2;3;4;5;6;7
1;2;3;4;5;6;7
1;2;3;4;5;6;7
1;2;3;4;5;6;7
1;2;3;4;5;6;7
1;2;3;4;5;6;7
1;2;3;4;5;6;7
1;2;3;4;5;6;7
1;2;3;4;5;6;7
1;2;3;4;5;6;7
1;2;3;4;5;6;7
1;2;3;4;5;6;7
1;2;3;4;5;6;7
1;2;3;4;5;6;7
1;2;3;4;5;6;7
1;2;3;4;5;6;7
1;2;3;4;5;6;7
1;2;3;4;5;6;7
1;2;3;4;5;6;7
1;2;3;4;5;6;7
1;2;3;4;5;6;7
1;2;3;4;5;6;7
1;2;3;4;5;6;7
1;2;3;4;5;6;7
1;2;3;4;5;6;7
1;2;3;4;5;6;7
1;2;3;4;5;6;7
1;2;3;4;5;6;7
1;2;3;4;5;6;7
1;2;3;4;5;6;7
1;2;3;4;5;6;7
1;2;3;4;5;6;7
1;2;3;4;5;6;7
1;2;3;4;5;6;7
1;2;3;4;5;6;7
1;2;3;4;5;6;7
1;2;3;4;5;6;7
1;2;3;4;5;6;7
1;2;3;4;5;6;7
1;2;3;4;5;6;7
1;2;3;4;5;6;7
1;2;3;4;5;6;7
1;2;3;4;5;6;7
1;2;3;4;5;6;7
1;2;3;4;5;6;7
1;2;3;4;5;6;7
1;2;3;4;5;6;7
1;2;3;4;5;6;7
1;2;3;4;5;6;7
1;2;3;4;5;6;7
1;2;3;4;5;6;7
1;2;3;4;5;6;7
1;2;3;4;5;6;7
1;2;3;4;5;6;7
1;2;3;4;5;6;7
1;2;3;4;5;6;7
1;2;3;4;5;6;7
1;2;3;4;5;6;7
1;2;3;4;5;6;7
1;2;3;4;5;6;7
1;2;3;4;5;6;7
1;2;3;4;5;6;7
1;2;3;4;5;6;7
1;2;3;4;5;6;7
1;2;3;4;5;6;7
1;2;3;4;5;6;7
1;2;3;4;5;6;7
1;2;3;4;5;6;7
1;2;3;4;5;6;7
1;2;3;4;5;6;7
1;2;3;4;5;6;7
1;2;3;4;5;6;7
1;2;3;4;5;6;7
1;2;3;4;5;6;7
1;2;3;4;5;6;7
1;2;3;4;5;6;7
1;2;3;4;5;6;7
1;2;3;4;5;6;7
1;2;3;4;5;6;7
1;2;3;4;5;6;7
1;2;3;4;5;6;7
1;2;3;4;5;6;7
1;2;3;4;5;6;7
1;2;3;4;5;6;7
1;2;3;4;5;6;7
1;2;3;4;5;6;7
1;2;3;4;5;6;7
1;2;3;4;5;6;7
1;2;3;4;5;6;7
1;2;3;4;5;6;7
1;2;3;4;5;6;7
1;2;3;4;5;6;7
1;2;3;4;5;6;7
1;2;3;4;5;6;7
1;2;3;4;5;6;7
1;2;3;4;5;6;7
1;2;3;4;5;6;7
1;2;3;4;5;6;7
1;2;3;4;5;6;7
1;2;3;4;5;6;7
1;2;3;4;5;6;7
1;2;3;4;5;6;7
1;2;3;4;5;6;7
1;2;3;4;5;6;7
1;2;3;4;5;6;7
1;2;3;4;5;6;7
1;2;3;4;5;6;7
1;2;3;4;5;6;7
1;2;3;4;5;6;7
1;2;3;4;5;6;7
1;2;3;4;5;6;7
1;2;3;4;5;6;7
1;2;3;4;5;6;7
1;2;3;4;5;6;7
1;2;3;4;5;6;7
1;2;3;4;5;6;7
1;2;3;4;5;6;7
1;2;3;4;5;6;7
1;2;3;4;5;6;7
1;2;3;4;5;6;7
1;2;3;4;5;6;7
1;2;3;4;5;6;7
1;2;3;4;5;6;7
1;2;3;4;5;6;7
1;2;3;4;5;6;7
1;2;3;4;5;6;7
1;2;3;4;5;6;7
1;2;3;4;5;6;7
1;2;3;4;5;6;7
1;2;3;4;5;6;7
1;2;3;4;5;6;7
1;2;3;4;5;6;7
1;2;3;4;5;6;7
1;2;3;4;5;6;7
1;2;3;4;5;6;7
1;2;3;4;5;6;7
1;2;3;4;5;6;7
1;2;3;4;5;6;7
1;2;3;4;5;6;7
1;2;3;4;5;6;7
1;2;3;4;5;6;7
1;2;3;4;5;6;7
1;2;3;4;5;6;7
1;2;3;4;5;6;7
1;2;3;4;5;6;7
1;2;3;4;5;6;7
1;2;3;4;5;6;7
1;2;3;4;5;6;7
1;2;3;4;5;6;7
1;2;3;4;5;6;7
1;2;3;4;5;6;7
1;2;3;4;5;6;7
1;2;3;4;5;6;7
1;2;3;4;5;6;7
1;2;3;4;5;6;7
1;2;3;4;5;6;7
1;2;3;4;5;6;7
1;2;3;4;5;6;7
1;2;3;4;5;6;7
1;2;3;4;5;6;7
1;2;3;4;5;6;7
1;2;3;4;5;6;7
1;2;3;4;5;6;7
1;2;3;4;5;6;7
1;2;3;4;5;6;7
1;2;3;4;5;6;7
1;2;3;4;5;6;7
1;2;3;4;5;6;7
1;2;3;4;5;6;7
1;2;3;4;5;6;7
1;2;3;4;5;6;7
1;2;3;4;5;6;7
1;2;3;4;5;6;7
1;2;3;4;5;6;7
1;2;3;4;5;6;7
1;2;3;4;5;6;7
1;2;3;4;5;6;7
1;2;3;4;5;6;7
1;2;3;4;5;6;7
1;2;3;4;5;6;7
1;2;3;4;5;6;7
1;2;3;4;5;6;7
1;2;3;4;5;6;7
1;2;3;4;5;6;7
1;2;3;4;5;6;7
1;2;3;4;5;6;7
1;2;3;4;5;6;7
1;2;3;4;5;6;7
1;2;3;4;5;6;7
1;2;3;4;5;6;7
1;2;3;4;5;6;7
1;2;3;4;5;6;7
1;2;3;4;5;6;7
1;2;3;4;5;6;7
1;2;3;4;5;6;7
1;2;3;4;5;6;7
1;2;3;4;5;6;7
1;2;3;4;5;6;7
1;2;3;4;5;6;7
1;2;3;4;5;6;7
1;2;3;4;5;6;7
1;2;3;4;5;6;7
1;2;3;4;5;6;7
1;2;3;4;5;6;7
1;2;3;4;5;6;7
1;2;3;4;5;6;7
1;2;3;4;5;6;7
1;2;3;4;5;6;7
1;2;3;4;5;6;7
1;2;3;4;5;6;7
1;2;3;4;5;6;7
1;2;3;4;5;6;7
1;2;3;4;5;6;7
1;2;3;4;5;6;7
1;2;3;4;5;6;7
1;2;3;4;5;6;7
1;2;3;4;5;6;7
1;2;3;4;5;6;7
1;2;3;4;5;6;7
1;2;3;4;5;6;7
1;2;3;4;5;6;7
1;2;3;4;5;6;7
1;2;3;4;5;6;7
1;2;3;4;5;6;7
1;2;3;4;5;6;7
1;2;3;4;5;6;7
1;2;3;4;5;6;7
1;2;3;4;5;6;7
1;2;3;4;5;6;7
1;2;3;4;5;6;7
1;2;3;4;5;6;7
1;2;3;4;5;6;7
1;2;3;4;5;6;7
1;2;3;4;5;6;7
1;2;3;4;5;6;7
1;2;3;4;5;6;7
1;2;3;4;5;6;7
1;2;3;4;5;6;7
1;2;3;4;5;6;7
1;2;3;4;5;6;7
1;2;3;4;5;6;7
1;2;3;4;5;6;7
1;2;3;4;5;6;7
1;2;3;4;5;6;7
1;2;3;4;5;6;7
1;2;3;4;5;6;7
1;2;3;4;5;6;7
1;2;3;4;5;6;7
1;2;3;4;5;6;7
1;2;3;4;5;6;7
1;2;3;4;5;6;7
1;2;3;4;5;6;7
1;2;3;4;5;6;7
1;2;3;4;5;6;7
1;2;3;4;5;6;7
1;2;3;4;5;6;7
1;2;3;4;5;6;7
1;2;3;4;5;6;7
1;2;3;4;5;6;7
1;2;3;4;5;6;7
1;2;3;4;5;6;7
1;2;3;4;5;6;7
1;2;3;4;5;6;7
1;2;3;4;5;6;7
1;2;3;4;5;6;7
1;2;3;4;5;6;7
1;2;3;4;5;6;7
1;2;3;4;5;6;7
1;2;3;4;5;6;7
1;2;3;4;5;6;7
1;2;3;4;5;6;7
1;2;3;4;5;6;7
1;2;3;4;5;6;7
1;2;3;4;5;6;7
1;2;3;4;5;6;7
1;2;3;4;5;6;7
1;2;3;4;5;6;7
1;2;3;4;5;6;7
1;2;3;4;5;6;7
1;2;3;4;5;6;7
1;2;3;4;5;6;7
1;2;3;4;5;6;7
1;2;3;4;5;6;7
1;2;3;4;5;6;7
1;2;3;4;5;6;7
1;2;3;4;5;6;7
1;2;3;4;5;6;7
1;2;3;4;5;6;7
1;2;3;4;5;6;7
1;2;3;4;5;6;7
1;2;3;4;5;6;7
1;2;3;4;5;6;7
1;2;3;4;5;6;7
1;2;3;4;5;6;7
1;2;3;4;5;6;7
1;2;3;4;5;6;7
1;2;3;4;5;6;7
1;2;3;4;5;6;7
1;2;3;4;5;6;7
1;2;3;4;5;6;7
1;2;3;4;5;6;7
1;2;3;4;5;6;7
1;2;3;4;5;6;7
1;2;3;4;5;6;7
1;2;3;4;5;6;7
1;2;3;4;5;6;7
1;2;3;4;5;6;7
1;2;3;4;5;6;7
1;2;3;4;5;6;7
1;2;3;4;5;6;7
1;2;3;4;5;6;7
1;2;3;4;5;6;7
1;2;3;4;5;6;7
1;2;3;4;5;6;7
1;2;3;4;5;6;7
1;2;3;4;5;6;7
1;2;3;4;5;6;7
1;2;3;4;5;6;7
1;2;3;4;5;6;7
1;2;3;4;5;6;7
1;2;3;4;5;6;7
1;2;3;4;5;6;7
1;2;3;4;5;6;7
1;2;3;4;5;6;7
1;2;3;4;5;6;7
1;2;3;4;5;6;7
1;2;3;4;5;6;7
1;2;3;4;5;6;7
1;2;3;4;5;6;7
1;2;3;4;5;6;7
1;2;3;4;5;6;7
1;2;3;4;5;6;7
1;2;3;4;5;6;7
1;2;3;4;5;6;7
1;2;3;4;5;6;7
1;2;3;4;5;6;7
1;2;3;4;5;6;7
1;2;3;4;5;6;7
1;2;3;4;5;6;7
1;2;3;4;5;6;7
1;2;3;4;5;6;7
1;2;3;4;5;6;7
1;2;3;4;5;6;7
1;2;3;4;5;6;7
1;2;3;4;5;6;7
1;2;3;4;5;6;7
1;2;3;4;5;6;7
1;2;3;4;5;6;7
1;2;3;4;5;6;7
1;2;3;4;5;6;7
1;2;3;4;5;6;7
1;2;3;4;5;6;7
1;2;3;4;5;6;7
1;2;3;4;5;6;7
1;2;3;4;5;6;7
1;2;3;4;5;6;7
1;2;3;4;5;6;7
1;2;3;4;5;6;7
1;2;3;4;5;6;7
1;2;3;4;5;6;7
1;2;3;4;5;6;7
1;2;3;4;5;6;7
1;2;3;4;5;6;7
1;2;3;4;5;6;7
1;2;3;4;5;6;7
1;2;3;4;5;6;7
1;2;3;4;5;6;7
1;2;3;4;5;6;7
1;2;3;4;5;6;7
1;2;3;4;5;6;7
1;2;3;4;5;6;7
1;2;3;4;5;6;7
1;2;3;4;5;6;7
1;2;3;4;5;6;7
1;2;3;4;5;6;7
1;2;3;4;5;6;7
1;2;3;4;5;6;7
1;2;3;4;5;6;7
1;2;3;4;5;6;7
1;2;3;4;5;6;7
1;2;3;4;5;6;7
1;2;3;4;5;6;7
1;2;3;4;5;6;7
1;2;3;4;5;6;7
1;2;3;4;5;6;7
1;2;3;4;5;6;7
1;2;3;4;5;6;7
1;2;3;4;5;6;7
1;2;3;4;5;6;7
1;2;3;4;5;6;7
1;2;3;4;5;6;7
1;2;3;4;5;6;7
1;2;3;4;5;6;7
1;2;3;4;5;6;7
1;2;3;4;5;6;7
1;2;3;4;5;6;7
1;2;3;4;5;6;7
1;2;3;4;5;6;7
1;2;3;4;5;6;7
1;2;3;4;5;6;7
1;2;3;4;5;6;7
1;2;3;4;5;6;7
1;2;3;4;5;6;7
1;2;3;4;5;6;7
1;2;3;4;5;6;7
1;2;3;4;5;6;7
1;2;3;4;5;6;7
1;2;3;4;5;6;7
1;2;3;4;5;6;7
1;2;3;4;5;6;7
1;2;3;4;5;6;7
1;2;3;4;5;6;7
1;2;3;4;5;6;7
1;2;3;4;5;6;7
1;2;3;4;5;6;7
1;2;3;4;5;6;7
1;2;3;4;5;6;7
1;2;3;4;5;6;7
1;2;3;4;5;6;7
1;2;3;4;5;6;7
1;2;3;4;5;6;7
1;2;3;4;5;6;7
1;2;3;4;5;6;7
1;2;3;4;5;6;7
1;2;3;4;5;6;7
1;2;3;4;5;6;7
1;2;3;4;5;6;7
1;2;3;4;5;6;7
1;2;3;4;5;6;7
1;2;3;4;5;6;7
1;2;3;4;5;6;7
1;2;3;4;5;6;7
1;2;3;4;5;6;7
1;2;3;4;5;6;7
1;2;3;4;5;6;7
1;2;3;4;5;6;7
1;2;3;4;5;6;7
1;2;3;4;5;6;7
1;2;3;4;5;6;7
1;2;3;4;5;6;7
1;2;3;4;5;6;7
1;2;3;4;5;6;7
1;2;3;4;5;6;7
1;2;3;4;5;6;7
1;2;3;4;5;6;7
1;2;3;4;5;6;7
1;2;3;4;5;6;7
1;2;3;4;5;6;7
1;2;3;4;5;6;7
1;2;3;4;5;6;7
1;2;3;4;5;6;7
1;2;3;4;5;6;7
1;2;3;4;5;6;7
1;2;3;4;5;6;7
1;2;3;4;5;6;7
1;2;3;4;5;6;7
1;2;3;4;5;6;7
1;2;3;4;5;6;7
1;2;3;4;5;6;7
1;2;3;4;5;6;7
1;2;3;4;5;6;7
1;2;3;4;5;6;7
1;2;3;4;5;6;7
1;2;3;4;5;6;7
1;2;3;4;5;6;7
1;2;3;4;5;6;7
1;2;3;4;5;6;7
1;2;3;4;5;6;7
1;2;3;4;5;6;7
1;2;3;4;5;6;7
1;2;3;4;5;6;7
1;2;3;4;5;6;7
1;2;3;4;5;6;7
1;2;3;4;5;6;7
1;2;3;4;5;6;7
1;2;3;4;5;6;7
1;2;3;4;5;6;7
1;2;3;4;5;6;7
1;2;3;4;5;6;7
1;2;3;4;5;6;7
1;2;3;4;5;6;7
1;2;3;4;5;6;7
1;2;3;4;5;6;7
1;2;3;4;5;6;7
1;2;3;4;5;6;7
1;2;3;4;5;6;7
1;2;3;4;5;6;7
1;2;3;4;5;6;7
1;2;3;4;5;6;7
1;2;3;4;5;6;7
1;2;3;4;5;6;7
1;2;3;4;5;6;7
1;2;3;4;5;6;7
1;2;3;4;5;6;7
1;2;3;4;5;6;7
1;2;3;4;5;6;7
1;2;3;4;5;6;7
1;2;3;4;5;6;7
1;2;3;4;5;6;7
1;2;3;4;5;6;7
1;2;3;4;5;6;7
1;2;3;4;5;6;7
1;2;3;4;5;6;7
1;2;3;4;5;6;7
1;2;3;4;5;6;7
1;2;3;4;5;6;7
1;2;3;4;5;6;7
1;2;3;4;5;6;7
1;2;3;4;5;6;7
1;2;3;4;5;6;7
1;2;3;4;5;6;7
1;2;3;4;5;6;7
1;2;3;4;5;6;7
1;2;3;4;5;6;7
1;2;3;4;5;6;7
1;2;3;4;5;6;7
1;2;3;4;5;6;7
1;2;3;4;5;6;7
1;2;3;4;5;6;7
1;2;3;4;5;6;7
1;2;3;4;5;6;7
1;2;3;4;5;6;7
1;2;3;4;5;6;7
1;2;3;4;5;6;7
1;2;3;4;5;6;7
1;2;3;4;5;6;7
1;2;3;4;5;6;7
1;2;3;4;5;6;7
1;2;3;4;5;6;7
1;2;3;4;5;6;7
1;2;3;4;5;6;7
1;2;3;4;5;6;7
1;2;3;4;5;6;7
1;2;3;4;5;6;7
1;2;3;4;5;6;7
1;2;3;4;5;6;7
1;2;3;4;5;6;7
1;2;3;4;5;6;7
1;2;3;4;5;6;7
1;2;3;4;5;6;7
1;2;3;4;5;6;7
1;2;3;4;5;6;7
1;2;3;4;5;6;7
1;2;3;4;5;6;7
1;2;3;4;5;6;7
1;2;3;4;5;6;7
1;2;3;4;5;6;7
1;2;3;4;5;6;7
1;2;3;4;5;6;7
1;2;3;4;5;6;7
1;2;3;4;5;6;7
1;2;3;4;5;6;7
1;2;3;4;5;6;7
1;2;3;4;5;6;7
1;2;3;4;5;6;7
1;2;3;4;5;6;7
1;2;3;4;5;6;7
1;2;3;4;5;6;7
1;2;3;4;5;6;7
1;2;3;4;5;6;7
1;2;3;4;5;6;7
1;2;3;4;5;6;7
1;2;3;4;5;6;7
1;2;3;4;5;6;7
1;2;3;4;5;6;7
1;2;3;4;5;6;7
1;2;3;4;5;6;7
1;2;3;4;5;6;7
1;2;3;4;5;6;7
1;2;3;4;5;6;7
1;2;3;4;5;6;7
1;2;3;4;5;6;7
1;2;3;4;5;6;7
1;2;3;4;5;6;7
1;2;3;4;5;6;7
1;2;3;4;5;6;7
1;2;3;4;5;6;7
1;2;3;4;5;6;7
1;2;3;4;5;6;7
1;2;3;4;5;6;7
1;2;3;4;5;6;7
1;2;3;4;5;6;7
1;2;3;4;5;6;7
1;2;3;4;5;6;7
1;2;3;4;5;6;7
1;2;3;4;5;6;7
1;2;3;4;5;6;7
1;2;3;4;5;6;7
1;2;3;4;5;6;7
1;2;3;4;5;6;7
1;2;3;4;5;6;7
1;2;3;4;5;6;7
1;2;3;4;5;6;7
1;2;3;4;5;6;7
1;2;3;4;5;6;7
1;2;3;4;5;6;7
1;2;3;4;5;6;7
1;2;3;4;5;6;7
1;2;3;4;5;6;7
1;2;3;4;5;6;7
1;2;3;4;5;6;7
1;2;3;4;5;6;7
1;2;3;4;5;6;7
1;2;3;4;5;6;7
1;2;3;4;5;6;7
1;2;3;4;5;6;7
1;2;3;4;5;6;7
1;2;3;4;5;6;7
1;2;3;4;5;6;7
1;2;3;4;5;6;7
1;2;3;4;5;6;7
1;2;3;4;5;6;7
1;2;3;4;5;6;7
1;2;3;4;5;6;7
1;2;3;4;5;6;7
1;2;3;4;5;6;7
1;2;3;4;5;6;7
1;2;3;4;5;6;7
1;2;3;4;5;6;7
1;2;3;4;5;6;7
1;2;3;4;5;6;7
1;2;3;4;5;6;7
1;2;3;4;5;6;7
1;2;3;4;5;6;7
1;2;3;4;5;6;7
1;2;3;4;5;6;7
1;2;3;4;5;6;7
1;2;3;4;5;6;7
1;2;3;4;5;6;7
1;2;3;4;5;6;7
1;2;3;4;5;6;7
1;2;3;4;5;6;7
1;2;3;4;5;6;7
1;2;3;4;5;6;7
1;2;3;4;5;6;7
1;2;3;4;5;6;7
1;2;3;4;5;6;7
1;2;3;4;5;6;7
1;2;3;4;5;6;7
1;2;3;4;5;6;7
1;2;3;4;5;6;7
1;2;3;4;5;6;7
1;2;3;4;5;6;7
1;2;3;4;5;6;7
1;2;3;4;5;6;7
1;2;3;4;5;6;7
1;2;3;4;5;6;7
1;2;3;4;5;6;7
1;2;3;4;5;6;7
1;2;3;4;5;6;7
1;2;3;4;5;6;7
1;2;3;4;5;6;7
1;2;3;4;5;6;7
1;2;3;4;5;6;7
1;2;3;4;5;6;7
1;2;3;4;5;6;7
1;2;3;4;5;6;7
1;2;3;4;5;6;7
1;2;3;4;5;6;7
1;2;3;4;5;6;7
1;2;3;4;5;6;7
1;2;3;4;5;6;7
1;2;3;4;5;6;7
1;2;3;4;5;6;7
1;2;3;4;5;6;7
1;2;3;4;5;6;7
1;2;3;4;5;6;7
1;2;3;4;5;6;7
1;2;3;4;5;6;7
1;2;3;4;5;6;7
1;2;3;4;5;6;7
1;2;3;4;5;6;7
1;2;3;4;5;6;7
1;2;3;4;5;6;7
1;2;3;4;5;6;7
1;2;3;4;5;6;7
1;2;3;4;5;6;7
1;2;3;4;5;6;7
1;2;3;4;5;6;7
1;2;3;4;5;6;7
1;2;3;4;5;6;7
1;2;3;4;5;6;7
1;2;3;4;5;6;7
1;2;3;4;5;6;7
1;2;3;4;5;6;7
1;2;3;4;5;6;7
1;2;3;4;5;6;7
1;2;3;4;5;6;7
1;2;3;4;5;6;7
1;2;3;4;5;6;7
1;2;3;4;5;6;7
1;2;3;4;5;6;7
1;2;3;4;5;6;7
1;2;3;4;5;6;7
1;2;3;4;5;6;7
1;2;3;4;5;6;7
1;2;3;4;5;6;7
1;2;3;4;5;6;7
1;2;3;4;5;6;7
1;2;3;4;5;6;7
1;2;3;4;5;6;7
1;2;3;4;5;6;7
1;2;3;4;5;6;7
1;2;3;4;5;6;7
1;2;3;4;5;6;7
1;2;3;4;5;6;7
1;2;3;4;5;6;7
1;2;3;4;5;6;7
1;2;3;4;5;6;7
1;2;3;4;5;6;7
1;2;3;4;5;6;7
1;2;3;4;5;6;7
1;2;3;4;5;6;7
1;2;3;4;5;6;7
1;2;3;4;5;6;7
1;2;3;4;5;6;7
1;2;3;4;5;6;7
1;2;3;4;5;6;7
1;2;3;4;5;6;7
1;2;3;4;5;6;7
1;2;3;4;5;6;7
1;2;3;4;5;6;7
1;2;3;4;5;6;7
1;2;3;4;5;6;7
1;2;3;4;5;6;7
1;2;3;4;5;6;7
1;2;3;4;5;6;7
1;2;3;4;5;6;7
1;2;3;4;5;6;7
1;2;3;4;5;6;7
1;2;3;4;5;6;7
1;2;3;4;5;6;7
1;2;3;4;5;6;7
1;2;3;4;5;6;7
1;2;3;4;5;6;7
1;2;3;4;5;6;7
1;2;3;4;5;6;7
1;2;3;4;5;6;7
1;2;3;4;5;6;7
1;2;3;4;5;6;7
1;2;3;4;5;6;7
1;2;3;4;5;6;7
1;2;3;4;5;6;7
1;2;3;4;5;6;7
1;2;3;4;5;6;7
1;2;3;4;5;6;7
1;2;3;4;5;6;7
1;2;3;4;5;6;7
1;2;3;4;5;6;7
1;2;3;4;5;6;7
1;2;3;4;5;6;7
1;2;3;4;5;6;7
1;2;3;4;5;6;7
1;2;3;4;5;6;7
1;2;3;4;5;6;7
1;2;3;4;5;6;7
1;2;3;4;5;6;7
1;2;3;4;5;6;7
1;2;3;4;5;6;7
1;2;3;4;5;6;7
1;2;3;4;5;6;7
1;2;3;4;5;6;7
1;2;3;4;5;6;7
1;2;3;4;5;6;7
1;2;3;4;5;6;7
1;2;3;4;5;6;7
1;2;3;4;5;6;7
1;2;3;4;5;6;7
1;2;3;4;5;6;7
1;2;3;4;5;6;7
1;2;3;4;5;6;7
1;2;3;4;5;6;7
1;2;3;4;5;6;7
1;2;3;4;5;6;7
1;2;3;4;5;6;7
1;2;3;4;5;6;7
1;2;3;4;5;6;7
1;2;3;4;5;6;7
1;2;3;4;5;6;7
1;2;3;4;5;6;7
1;2;3;4;5;6;7
1;2;3;4;5;6;7
1;2;3;4;5;6;7
1;2;3;4;5;6;7
1;2;3;4;5;6;7
1;2;3;4;5;6;7
1;2;3;4;5;6;7
1;2;3;4;5;6;7
1;2;3;4;5;6;7
1;2;3;4;5;6;7
1;2;3;4;5;6;7
1;2;3;4;5;6;7
1;2;3;4;5;6;7
1;2;3;4;5;6;7
1;2;3;4;5;6;7
1;2;3;4;5;6;7
1;2;3;4;5;6;7
1;2;3;4;5;6;7
1;2;3;4;5;6;7
1;2;3;4;5;6;7
1;2;3;4;5;6;7
1;2;3;4;5;6;7
1;2;3;4;5;6;7
1;2;3;4;5;6;7
1;2;3;4;5;6;7
1;2;3;4;5;6;7
1;2;3;4;5;6;7
1;2;3;4;5;6;7
1;2;3;4;5;6;7
1;2;3;4;5;6;7
1;2;3;4;5;6;7
1;2;3;4;5;6;7
1;2;3;4;5;6;7
1;2;3;4;5;6;7
1;2;3;4;5;6;7
1;2;3;4;5;6;7
1;2;3;4;5;6;7
1;2;3;4;5;6;7
1;2;3;4;5;6;7
1;2;3;4;5;6;7
1;2;3;4;5;6;7
1;2;3;4;5;6;7
1;2;3;4;5;6;7
1;2;3;4;5;6;7
1;2;3;4;5;6;7
1;2;3;4;5;6;7
1;2;3;4;5;6;7
1;2;3;4;5;6;7
1;2;3;4;5;6;7
1;2;3;4;5;6;7
1;2;3;4;5;6;7
1;2;3;4;5;6;7
1;2;3;4;5;6;7
1;2;3;4;5;6;7
1;2;3;4;5;6;7
1;2;3;4;5;6;7
1;2;3;4;5;6;7
1;2;3;4;5;6;7
1;2;3;4;5;6;7
1;2;3;4;5;6;7
1;2;3;4;5;6;7
1;2;3;4;5;6;7
1;2;3;4;5;6;7
1;2;3;4;5;6;7
1;2;3;4;5;6;7
1;2;3;4;5;6;7
1;2;3;4;5;6;7
1;2;3;4;5;6;7
1;2;3;4;5;6;7
1;2;3;4;5;6;7
1;2;3;4;5;6;7
1;2;3;4;5;6;7
1;2;3;4;5;6;7
1;2;3;4;5;6;7
1;2;3;4;5;6;7
1;2;3;4;5;6;7
1;2;3;4;5;6;7
1;2;3;4;5;6;7
1;2;3;4;5;6;7
1;2;3;4;5;6;7
1;2;3;4;5;6;7
1;2;3;4;5;6;7
1;2;3;4;5;6;7
1;2;3;4;5;6;7
1;2;3;4;5;6;7
1;2;3;4;5;6;7
1;2;3;4;5;6;7
1;2;3;4;5;6;7
1;2;3;4;5;6;7
1;2;3;4;5;6;7
1;2;3;4;5;6;7
1;2;3;4;5;6;7
1;2;3;4;5;6;7
1;2;3;4;5;6;7
1;2;3;4;5;6;7
1;2;3;4;5;6;7
1;2;3;4;5;6;7
1;2;3;4;5;6;7
1;2;3;4;5;6;7
1;2;3;4;5;6;7
1;2;3;4;5;6;7
1;2;3;4;5;6;7
1;2;3;4;5;6;7
1;2;3;4;5;6;7
1;2;3;4;5;6;7
1;2;3;4;5;6;7
1;2;3;4;5;6;7
1;2;3;4;5;6;7
1;2;3;4;5;6;7
1;2;3;4;5;6;7
1;2;3;4;5;6;7
1;2;3;4;5;6;7
1;2;3;4;5;6;7
1;2;3;4;5;6;7
1;2;3;4;5;6;7
1;2;3;4;5;6;7
1;2;3;4;5;6;7
1;2;3;4;5;6;7
1;2;3;4;5;6;7
1;2;3;4;5;6;7
1;2;3;4;5;6;7
1;2;3;4;5;6;7
1;2;3;4;5;6;7
1;2;3;4;5;6;7
1;2;3;4;5;6;7
1;2;3;4;5;6;7
1;2;3;4;5;6;7
1;2;3;4;5;6;7
1;2;3;4;5;6;7
1;2;3;4;5;6;7
1;2;3;4;5;6;7
1;2;3;4;5;6;7
1;2;3;4;5;6;7
1;2;3;4;5;6;7
1;2;3;4;5;6;7
1;2;3;4;5;6;7
1;2;3;4;5;6;7
1;2;3;4;5;6;7
1;2;3;4;5;6;7
1;2;3;4;5;6;7
1;2;3;4;5;6;7
1;2;3;4;5;6;7
1;2;3;4;5;6;7
1;2;3;4;5;6;7
1;2;3;4;5;6;7
1;2;3;4;5;6;7
1;2;3;4;5;6;7
1;2;3;4;5;6;7
1;2;3;4;5;6;7
1;2;3;4;5;6;7
1;2;3;4;5;6;7
1;2;3;4;5;6;7
1;2;3;4;5;6;7
1;2;3;4;5;6;7
1;2;3;4;5;6;7
1;2;3;4;5;6;7
1;2;3;4;5;6;7
1;2;3;4;5;6;7
1;2;3;4;5;6;7
1;2;3;4;5;6;7
1;2;3;4;5;6;7
1;2;3;4;5;6;7
1;2;3;4;5;6;7
1;2;3;4;5;6;7
1;2;3;4;5;6;7
1;2;3;4;5;6;7
1;2;3;4;5;6;7
1;2;3;4;5;6;7
1;2;3;4;5;6;7
1;2;3;4;5;6;7
1;2;3;4;5;6;7
1;2;3;4;5;6;7
1;2;3;4;5;6;7
1;2;3;4;5;6;7
1;2;3;4;5;6;7
1;2;3;4;5;6;7
1;2;3;4;5;6;7
1;2;3;4;5;6;7
1;2;3;4;5;6;7
1;2;3;4;5;6;7
1;2;3;4;5;6;7
1;2;3;4;5;6;7
1;2;3;4;5;6;7
1;2;3;4;5;6;7
1;2;3;4;5;6;7
1;2;3;4;5;6;7
1;2;3;4;5;6;7
1;2;3;4;5;6;7
1;2;3;4;5;6;7
1;2;3;4;5;6;7
1;2;3;4;5;6;7
1;2;3;4;5;6;7
1;2;3;4;5;6;7
1;2;3;4;5;6;7
1;2;3;4;5;6;7
1;2;3;4;5;6;7
1;2;3;4;5;6;7
1;2;3;4;5;6;7
1;2;3;4;5;6;7
1;2;3;4;5;6;7
1;2;3;4;5;6;7
1;2;3;4;5;6;7
1;2;3;4;5;6;7
1;2;3;4;5;6;7
1;2;3;4;5;6;7
1;2;3;4;5;6;7
1;2;3;4;5;6;7
1;2;3;4;5;6;7
1;2;3;4;5;6;7
1;2;3;4;5;6;7
1;2;3;4;5;6;7
1;2;3;4;5;6;7
1;2;3;4;5;6;7
1;2;3;4;5;6;7
1;2;3;4;5;6;7
1;2;3;4;5;6;7
1;2;3;4;5;6;7
1;2;3;4;5;6;7
1;2;3;4;5;6;7
1;2;3;4;5;6;7
1;2;3;4;5;6;7
1;2;3;4;5;6;7
1;2;3;4;5;6;7
1;2;3;4;5;6;7
1;2;3;4;5;6;7
1;2;3;4;5;6;7
1;2;3;4;5;6;7
1;2;3;4;5;6;7
1;2;3;4;5;6;7
1;2;3;4;5;6;7
1;2;3;4;5;6;7
1;2;3;4;5;6;7
1;2;3;4;5;6;7
1;2;3;4;5;6;7
1;2;3;4;5;6;7
1;2;3;4;5;6;7
1;2;3;4;5;6;7
1;2;3;4;5;6;7
1;2;3;4;5;6;7
1;2;3;4;5;6;7
1;2;3;4;5;6;7
1;2;3;4;5;6;7
1;2;3;4;5;6;7
1;2;3;4;5;6;7
1;2;3;4;5;6;7
1;2;3;4;5;6;7
1;2;3;4;5;6;7
1;2;3;4;5;6;7
1;2;3;4;5;6;7
1;2;3;4;5;6;7
1;2;3;4;5;6;7
1;2;3;4;5;6;7
1;2;3;4;5;6;7
1;2;3;4;5;6;7
1;2;3;4;5;6;7
1;2;3;4;5;6;7
1;2;3;4;5;6;7
1;2;3;4;5;6;7
1;2;3;4;5;6;7
1;2;3;4;5;6;7
1;2;3;4;5;6;7
1;2;3;4;5;6;7
1;2;3;4;5;6;7
1;2;3;4;5;6;7
1;2;3;4;5;6;7
1;2;3;4;5;6;7
1;2;3;4;5;6;7
1;2;3;4;5;6;7
1;2;3;4;5;6;7
1;2;3;4;5;6;7
1;2;3;4;5;6;7
1;2;3;4;5;6;7
1;2;3;4;5;6;7
1;2;3;4;5;6;7
1;2;3;4;5;6;7
1;2;3;4;5;6;7
1;2;3;4;5;6;7
1;2;3;4;5;6;7
1;2;3;4;5;6;7
1;2;3;4;5;6;7
1;2;3;4;5;6;7
1;2;3;4;5;6;7
1;2;3;4;5;6;7
1;2;3;4;5;6;7
1;2;3;4;5;6;7
1;2;3;4;5;6;7
1;2;3;4;5;6;7
1;2;3;4;5;6;7
1;2;3;4;5;6;7
1;2;3;4;5;6;7
1;2;3;4;5;6;7
1;2;3;4;5;6;7
1;2;3;4;5;6;7
1;2;3;4;5;6;7
1;2;3;4;5;6;7
1;2;3;4;5;6;7
1;2;3;4;5;6;7
1;2;3;4;5;6;7
1;2;3;4;5;6;7
1;2;3;4;5;6;7
1;2;3;4;5;6;7
1;2;3;4;5;6;7
1;2;3;4;5;6;7
1;2;3;4;5;6;7
1;2;3;4;5;6;7
1;2;3;4;5;6;7
1;2;3;4;5;6;7
1;2;3;4;5;6;7
1;2;3;4;5;6;7
1;2;3;4;5;6;7
1;2;3;4;5;6;7
1;2;3;4;5;6;7
1;2;3;4;5;6;7
1;2;3;4;5;6;7
1;2;3;4;5;6;7
1;2;3;4;5;6;7
1;2;3;4;5;6;7
1;2;3;4;5;6;7
1;2;3;4;5;6;7
1;2;3;4;5;6;7
1;2;3;4;5;6;7
1;2;3;4;5;6;7
1;2;3;4;5;6;7
1;2;3;4;5;6;7
1;2;3;4;5;6;7
1;2;3;4;5;6;7
1;2;3;4;5;6;7
1;2;3;4;5;6;7
1;2;3;4;5;6;7
1;2;3;4;5;6;7
1;2;3;4;5;6;7
1;2;3;4;5;6;7
1;2;3;4;5;6;7
1;2;3;4;5;6;7
1;2;3;4;5;6;7
1;2;3;4;5;6;7
1;2;3;4;5;6;7
1;2;3;4;5;6;7
1;2;3;4;5;6;7
1;2;3;4;5;6;7
1;2;3;4;5;6;7
1;2;3;4;5;6;7
1;2;3;4;5;6;7
1;2;3;4;5;6;7
1;2;3;4;5;6;7
1;2;3;4;5;6;7
1;2;3;4;5;6;7
1;2;3;4;5;6;7
1;2;3;4;5;6;7
1;2;3;4;5;6;7
1;2;3;4;5;6;7
1;2;3;4;5;6;7
1;2;3;4;5;6;7
1;2;3;4;5;6;7
1;2;3;4;5;6;7
1;2;3;4;5;6;7
1;2;3;4;5;6;7
1;2;3;4;5;6;7
1;2;3;4;5;6;7
1;2;3;4;5;6;7
1;2;3;4;5;6;7
1;2;3;4;5;6;7
1;2;3;4;5;6;7
1;2;3;4;5;6;7
1;2;3;4;5;6;7
1;2;3;4;5;6;7
1;2;3;4;5;6;7
1;2;3;4;5;6;7
1;2;3;4;5;6;7
1;2;3;4;5;6;7
1;2;3;4;5;6;7
1;2;3;4;5;6;7
1;2;3;4;5;6;7
1;2;3;4;5;6;7
1;2;3;4;5;6;7
1;2;3;4;5;6;7
1;2;3;4;5;6;7
1;2;3;4;5;6;7
1;2;3;4;5;6;7
1;2;3;4;5;6;7
1;2;3;4;5;6;7
1;2;3;4;5;6;7
1;2;3;4;5;6;7
1;2;3;4;5;6;7
1;2;3;4;5;6;7
1;2;3;4;5;6;7
1;2;3;4;5;6;7
1;2;3;4;5;6;7
1;2;3;4;5;6;7
1;2;3;4;5;6;7
1;2;3;4;5;6;7
1;2;3;4;5;6;7
1;2;3;4;5;6;7
1;2;3;4;5;6;7
1;2;3;4;5;6;7
1;2;3;4;5;6;7
1;2;3;4;5;6;7
1;2;3;4;5;6;7
1;2;3;4;5;6;7
1;2;3;4;5;6;7
1;2;3;4;5;6;7
1;2;3;4;5;6;7
1;2;3;4;5;6;7
1;2;3;4;5;6;7
1;2;3;4;5;6;7
1;2;3;4;5;6;7
1;2;3;4;5;6;7
1;2;3;4;5;6;7
1;2;3;4;5;6;7
1;2;3;4;5;6;7
1;2;3;4;5;6;7
1;2;3;4;5;6;7
1;2;3;4;5;6;7
1;2;3;4;5;6;7
1;2;3;4;5;6;7
1;2;3;4;5;6;7
1;2;3;4;5;6;7
1;2;3;4;5;6;7
1;2;3;4;5;6;7
1;2;3;4;5;6;7
1;2;3;4;5;6;7
1;2;3;4;5;6;7
1;2;3;4;5;6;7
1;2;3;4;5;6;7
1;2;3;4;5;6;7
1;2;3;4;5;6;7
1;2;3;4;5;6;7
1;2;3;4;5;6;7
1;2;3;4;5;6;7
1;2;3;4;5;6;7
1;2;3;4;5;6;7
1;2;3;4;5;6;7
1;2;3;4;5;6;7
1;2;3;4;5;6;7
1;2;3;4;5;6;7
1;2;3;4;5;6;7
1;2;3;4;5;6;7
1;2;3;4;5;6;7
1;2;3;4;5;6;7
1;2;3;4;5;6;7
1;2;3;4;5;6;7
1;2;3;4;5;6;7
1;2;3;4;5;6;7
1;2;3;4;5;6;7
1;2;3;4;5;6;7
1;2;3;4;5;6;7
1;2;3;4;5;6;7
1;2;3;4;5;6;7
1;2;3;4;5;6;7
1;2;3;4;5;6;7
1;2;3;4;5;6;7
1;2;3;4;5;6;7
1;2;3;4;5;6;7
1;2;3;4;5;6;7
1;2;3;4;5;6;7
1;2;3;4;5;6;7
1;2;3;4;5;6;7
1;2;3;4;5;6;7
1;2;3;4;5;6;7
1;2;3;4;5;6;7
1;2;3;4;5;6;7
1;2;3;4;5;6;7
1;2;3;4;5;6;7
1;2;3;4;5;6;7
1;2;3;4;5;6;7
1;2;3;4;5;6;7
1;2;3;4;5;6;7
1;2;3;4;5;6;7
1;2;3;4;5;6;7
1;2;3;4;5;6;7
1;2;3;4;5;6;7
1;2;3;4;5;6;7
1;2;3;4;5;6;7
1;2;3;4;5;6;7
1;2;3;4;5;6;7
1;2;3;4;5;6;7
1;2;3;4;5;6;7
1;2;3;4;5;6;7
1;2;3;4;5;6;7
1;2;3;4;5;6;7
1;2;3;4;5;6;7
1;2;3;4;5;6;7
1;2;3;4;5;6;7
1;2;3;4;5;6;7
1;2;3;4;5;6;7
1;2;3;4;5;6;7
1;2;3;4;5;6;7
1;2;3;4;5;6;7
1;2;3;4;5;6;7
1;2;3;4;5;6;7
1;2;3;4;5;6;7
1;2;3;4;5;6;7
1;2;3;4;5;6;7
1;2;3;4;5;6;7
1;2;3;4;5;6;7
1;2;3;4;5;6;7
1;2;3;4;5;6;7
1;2;3;4;5;6;7
1;2;3;4;5;6;7
1;2;3;4;5;6;7
1;2;3;4;5;6;7
1;2;3;4;5;6;7
1;2;3;4;5;6;7
1;2;3;4;5;6;7
1;2;3;4;5;6;7
1;2;3;4;5;6;7
1;2;3;4;5;6;7
1;2;3;4;5;6;7
1;2;3;4;5;6;7
1;2;3;4;5;6;7
1;2;3;4;5;6;7
1;2;3;4;5;6;7
1;2;3;4;5;6;7
1;2;3;4;5;6;7
1;2;3;4;5;6;7
1;2;3;4;5;6;7
1;2;3;4;5;6;7
1;2;3;4;5;6;7
1;2;3;4;5;6;7
1;2;3;4;5;6;7
1;2;3;4;5;6;7
1;2;3;4;5;6;7
1;2;3;4;5;6;7
1;2;3;4;5;6;7
1;2;3;4;5;6;7
1;2;3;4;5;6;7
1;2;3;4;5;6;7
1;2;3;4;5;6;7
1;2;3;4;5;6;7
1;2;3;4;5;6;7
1;2;3;4;5;6;7
1;2;3;4;5;6;7
1;2;3;4;5;6;7
1;2;3;4;5;6;7
1;2;3;4;5;6;7
1;2;3;4;5;6;7
1;2;3;4;5;6;7
1;2;3;4;5;6;7
1;2;3;4;5;6;7
1;2;3;4;5;6;7
1;2;3;4;5;6;7
1;2;3;4;5;6;7
1;2;3;4;5;6;7
1;2;3;4;5;6;7
1;2;3;4;5;6;7
1;2;3;4;5;6;7
1;2;3;4;5;6;7
1;2;3;4;5;6;7
1;2;3;4;5;6;7
1;2;3;4;5;6;7
1;2;3;4;5;6;7
1;2;3;4;5;6;7
1;2;3;4;5;6;7
1;2;3;4;5;6;7
1;2;3;4;5;6;7
1;2;3;4;5;6;7
1;2;3;4;5;6;7
1;2;3;4;5;6;7
1;2;3;4;5;6;7
1;2;3;4;5;6;7
1;2;3;4;5;6;7
1;2;3;4;5;6;7
1;2;3;4;5;6;7
1;2;3;4;5;6;7
1;2;3;4;5;6;7
1;2;3;4;5;6;7
1;2;3;4;5;6;7
1;2;3;4;5;6;7
1;2;3;4;5;6;7
1;2;3;4;5;6;7
1;2;3;4;5;6;7
1;2;3;4;5;6;7
1;2;3;4;5;6;7
1;2;3;4;5;6;7
1;2;3;4;5;6;7
1;2;3;4;5;6;7
1;2;3;4;5;6;7
1;2;3;4;5;6;7
1;2;3;4;5;6;7
1;2;3;4;5;6;7
1;2;3;4;5;6;7
1;2;3;4;5;6;7
1;2;3;4;5;6;7
1;2;3;4;5;6;7
1;2;3;4;5;6;7
1;2;3;4;5;6;7
1;2;3;4;5;6;7
1;2;3;4;5;6;7
1;2;3;4;5;6;7
1;2;3;4;5;6;7
1;2;3;4;5;6;7
1;2;3;4;5;6;7
1;2;3;4;5;6;7
1;2;3;4;5;6;7
1;2;3;4;5;6;7
1;2;3;4;5;6;7
1;2;3;4;5;6;7
1;2;3;4;5;6;7
1;2;3;4;5;6;7
1;2;3;4;5;6;7
1;2;3;4;5;6;7
1;2;3;4;5;6;7
1;2;3;4;5;6;7
1;2;3;4;5;6;7
1;2;3;4;5;6;7
1;2;3;4;5;6;7
1;2;3;4;5;6;7
1;2;3;4;5;6;7
1;2;3;4;5;6;7
1;2;3;4;5;6;7
1;2;3;4;5;6;7
1;2;3;4;5;6;7
1;2;3;4;5;6;7
1;2;3;4;5;6;7
1;2;3;4;5;6;7
1;2;3;4;5;6;7
1;2;3;4;5;6;7
1;2;3;4;5;6;7
1;2;3;4;5;6;7
1;2;3;4;5;6;7
1;2;3;4;5;6;7
1;2;3;4;5;6;7
1;2;3;4;5;6;7
1;2;3;4;5;6;7
1;2;3;4;5;6;7
1;2;3;4;5;6;7
1;2;3;4;5;6;7
1;2;3;4;5;6;7
1;2;3;4;5;6;7
1;2;3;4;5;6;7
1;2;3;4;5;6;7
1;2;3;4;5;6;7
1;2;3;4;5;6;7
1;2;3;4;5;6;7
1;2;3;4;5;6;7
1;2;3;4;5;6;7
1;2;3;4;5;6;7
1;2;3;4;5;6;7
1;2;3;4;5;6;7
1;2;3;4;5;6;7
1;2;3;4;5;6;7
1;2;3;4;5;6;7
1;2;3;4;5;6;7
1;2;3;4;5;6;7
1;2;3;4;5;6;7
1;2;3;4;5;6;7
1;2;3;4;5;6;7
1;2;3;4;5;6;7
1;2;3;4;5;6;7
1;2;3;4;5;6;7
1;2;3;4;5;6;7
1;2;3;4;5;6;7
1;2;3;4;5;6;7
1;2;3;4;5;6;7
1;2;3;4;5;6;7
1;2;3;4;5;6;7
1;2;3;4;5;6;7
1;2;3;4;5;6;7
1;2;3;4;5;6;7
1;2;3;4;5;6;7
1;2;3;4;5;6;7
1;2;3;4;5;6;7
1;2;3;4;5;6;7
1;2;3;4;5;6;7
1;2;3;4;5;6;7
1;2;3;4;5;6;7
1;2;3;4;5;6;7
1;2;3;4;5;6;7
1;2;3;4;5;6;7
1;2;3;4;5;6;7
1;2;3;4;5;6;7
1;2;3;4;5;6;7
1;2;3;4;5;6;7
1;2;3;4;5;6;7
1;2;3;4;5;6;7
1;2;3;4;5;6;7
1;2;3;4;5;6;7
1;2;3;4;5;6;7
1;2;3;4;5;6;7
1;2;3;4;5;6;7
1;2;3;4;5;6;7
1;2;3;4;5;6;7
1;2;3;4;5;6;7
1;2;3;4;5;6;7
1;2;3;4;5;6;7
1;2;3;4;5;6;7
1;2;3;4;5;6;7
1;2;3;4;5;6;7
1;2;3;4;5;6;7
1;2;3;4;5;6;7
1;2;3;4;5;6;7
1;2;3;4;5;6;7
1;2;3;4;5;6;7
1;2;3;4;5;6;7
1;2;3;4;5;6;7
1;2;3;4;5;6;7
1;2;3;4;5;6;7
1;2;3;4;5;6;7
1;2;3;4;5;6;7
1;2;3;4;5;6;7
1;2;3;4;5;6;7
1;2;3;4;5;6;7
1;2;3;4;5;6;7
1;2;3;4;5;6;7
1;2;3;4;5;6;7
1;2;3;4;5;6;7
1;2;3;4;5;6;7
1;2;3;4;5;6;7
1;2;3;4;5;6;7
1;2;3;4;5;6;7
1;2;3;4;5;6;7
1;2;3;4;5;6;7
1;2;3;4;5;6;7
1;2;3;4;5;6;7
1;2;3;4;5;6;7
1;2;3;4;5;6;7
1;2;3;4;5;6;7
1;2;3;4;5;6;7
1;2;3;4;5;6;7
1;2;3;4;5;6;7
1;2;3;4;5;6;7
1;2;3;4;5;6;7
1;2;3;4;5;6;7
1;2;3;4;5;6;7
1;2;3;4;5;6;7
1;2;3;4;5;6;7
1;2;3;4;5;6;7
1;2;3;4;5;6;7
1;2;3;4;5;6;7
1;2;3;4;5;6;7
1;2;3;4;5;6;7
1;2;3;4;5;6;7
1;2;3;4;5;6;7
1;2;3;4;5;6;7
1;2;3;4;5;6;7
1;2;3;4;5;6;7
1;2;3;4;5;6;7
1;2;3;4;5;6;7
1;2;3;4;5;6;7
1;2;3;4;5;6;7
1;2;3;4;5;6;7
1;2;3;4;5;6;7
1;2;3;4;5;6;7
1;2;3;4;5;6;7
1;2;3;4;5;6;7
1;2;3;4;5;6;7
1;2;3;4;5;6;7
1;2;3;4;5;6;7
1;2;3;4;5;6;7
1;2;3;4;5;6;7
1;2;3;4;5;6;7
1;2;3;4;5;6;7
1;2;3;4;5;6;7
1;2;3;4;5;6;7
1;2;3;4;5;6;7
1;2;3;4;5;6;7
1;2;3;4;5;6;7
1;2;3;4;5;6;7
1;2;3;4;5;6;7
1;2;3;4;5;6;7
1;2;3;4;5;6;7
1;2;3;4;5;6;7
1;2;3;4;5;6;7
1;2;3;4;5;6;7
1;2;3;4;5;6;7
1;2;3;4;5;6;7
1;2;3;4;5;6;7
1;2;3;4;5;6;7
1;2;3;4;5;6;7
1;2;3;4;5;6;7
1;2;3;4;5;6;7
1;2;3;4;5;6;7
1;2;3;4;5;6;7
1;2;3;4;5;6;7
1;2;3;4;5;6;7
1;2;3;4;5;6;7
1;2;3;4;5;6;7
1;2;3;4;5;6;7
1;2;3;4;5;6;7
1;2;3;4;5;6;7
1;2;3;4;5;6;7
1;2;3;4;5;6;7
1;2;3;4;5;6;7
1;2;3;4;5;6;7
1;2;3;4;5;6;7
1;2;3;4;5;6;7
1;2;3;4;5;6;7
1;2;3;4;5;6;7
1;2;3;4;5;6;7
1;2;3;4;5;6;7
1;2;3;4;5;6;7
1;2;3;4;5;6;7
1;2;3;4;5;6;7
1;2;3;4;5;6;7
1;2;3;4;5;6;7
1;2;3;4;5;6;7
1;2;3;4;5;6;7
1;2;3;4;5;6;7
1;2;3;4;5;6;7
1;2;3;4;5;6;7
1;2;3;4;5;6;7
1;2;3;4;5;6;7
1;2;3;4;5;6;7
1;2;3;4;5;6;7
1;2;3;4;5;6;7
1;2;3;4;5;6;7
1;2;3;4;5;6;7
1;2;3;4;5;6;7
1;2;3;4;5;6;7
1;2;3;4;5;6;7
1;2;3;4;5;6;7
1;2;3;4;5;6;7
1;2;3;4;5;6;7
1;2;3;4;5;6;7
1;2;3;4;5;6;7
1;2;3;4;5;6;7
1;2;3;4;5;6;7
1;2;3;4;5;6;7
1;2;3;4;5;6;7
1;2;3;4;5;6;7
1;2;3;4;5;6;7
1;2;3;4;5;6;7
1;2;3;4;5;6;7
1;2;3;4;5;6;7
1;2;3;4;5;6;7
1;2;3;4;5;6;7
1;2;3;4;5;6;7
1;2;3;4;5;6;7
1;2;3;4;5;6;7
1;2;3;4;5;6;7
1;2;3;4;5;6;7
1;2;3;4;5;6;7
1;2;3;4;5;6;7
1;2;3;4;5;6;7
1;2;3;4;5;6;7
1;2;3;4;5;6;7
1;2;3;4;5;6;7
1;2;3;4;5;6;7
1;2;3;4;5;6;7
1;2;3;4;5;6;7
1;2;3;4;5;6;7
1;2;3;4;5;6;7
1;2;3;4;5;6;7
1;2;3;4;5;6;7
1;2;3;4;5;6;7
1;2;3;4;5;6;7
1;2;3;4;5;6;7
1;2;3;4;5;6;7
1;2;3;4;5;6;7
1;2;3;4;5;6;7
1;2;3;4;5;6;7
1;2;3;4;5;6;7
1;2;3;4;5;6;7
1;2;3;4;5;6;7
1;2;3;4;5;6;7
1;2;3;4;5;6;7
1;2;3;4;5;6;7
1;2;3;4;5;6;7
1;2;3;4;5;6;7
1;2;3;4;5;6;7
1;2;3;4;5;6;7
1;2;3;4;5;6;7
1;2;3;4;5;6;7
1;2;3;4;5;6;7
1;2;3;4;5;6;7
1;2;3;4;5;6;7
1;2;3;4;5;6;7
1;2;3;4;5;6;7
1;2;3;4;5;6;7
1;2;3;4;5;6;7
1;2;3;4;5;6;7
1;2;3;4;5;6;7
1;2;3;4;5;6;7
1;2;3;4;5;6;7
1;2;3;4;5;6;7
1;2;3;4;5;6;7
1;2;3;4;5;6;7
1;2;3;4;5;6;7
1;2;3;4;5;6;7
1;2;3;4;5;6;7
1;2;3;4;5;6;7
1;2;3;4;5;6;7
1;2;3;4;5;6;7
1;2;3;4;5;6;7
1;2;3;4;5;6;7
1;2;3;4;5;6;7
1;2;3;4;5;6;7
1;2;3;4;5;6;7
1;2;3;4;5;6;7
1;2;3;4;5;6;7
1;2;3;4;5;6;7
1;2;3;4;5;6;7
1;2;3;4;5;6;7
1;2;3;4;5;6;7
1;2;3;4;5;6;7
1;2;3;4;5;6;7
1;2;3;4;5;6;7
1;2;3;4;5;6;7
1;2;3;4;5;6;7
1;2;3;4;5;6;7
1;2;3;4;5;6;7
1;2;3;4;5;6;7
1;2;3;4;5;6;7
1;2;3;4;5;6;7
1;2;3;4;5;6;7
1;2;3;4;5;6;7
1;2;3;4;5;6;7
1;2;3;4;5;6;7
1;2;3;4;5;6;7
1;2;3;4;5;6;7
1;2;3;4;5;6;7
1;2;3;4;5;6;7
1;2;3;4;5;6;7
1;2;3;4;5;6;7
1;2;3;4;5;6;7
1;2;3;4;5;6;7
1;2;3;4;5;6;7
1;2;3;4;5;6;7
1;2;3;4;5;6;7
1;2;3;4;5;6;7
1;2;3;4;5;6;7
1;2;3;4;5;6;7
1;2;3;4;5;6;7
1;2;3;4;5;6;7
1;2;3;4;5;6;7
1;2;3;4;5;6;7
1;2;3;4;5;6;7
1;2;3;4;5;6;7
1;2;3;4;5;6;7
1;2;3;4;5;6;7
1;2;3;4;5;6;7
1;2;3;4;5;6;7
1;2;3;4;5;6;7
1;2;3;4;5;6;7
1;2;3;4;5;6;7
1;2;3;4;5;6;7
1;2;3;4;5;6;7
1;2;3;4;5;6;7
1;2;3;4;5;6;7
1;2;3;4;5;6;7
1;2;3;4;5;6;7
1;2;3;4;5;6;7
1;2;3;4;5;6;7
1;2;3;4;5;6;7
1;2;3;4;5;6;7
1;2;3;4;5;6;7
1;2;3;4;5;6;7
1;2;3;4;5;6;7
1;2;3;4;5;6;7
1;2;3;4;5;6;7
1;2;3;4;5;6;7
1;2;3;4;5;6;7
1;2;3;4;5;6;7
1;2;3;4;5;6;7
1;2;3;4;5;6;7
1;2;3;4;5;6;7
1;2;3;4;5;6;7
1;2;3;4;5;6;7
1;2;3;4;5;6;7
1;2;3;4;5;6;7
1;2;3;4;5;6;7
1;2;3;4;5;6;7
1;2;3;4;5;6;7
1;2;3;4;5;6;7
1;2;3;4;5;6;7
1;2;3;4;5;6;7
1;2;3;4;5;6;7
1;2;3;4;5;6;7
1;2;3;4;5;6;7
1;2;3;4;5;6;7
1;2;3;4;5;6;7
1;2;3;4;5;6;7
1;2;3;4;5;6;7
1;2;3;4;5;6;7
1;2;3;4;5;6;7
1;2;3;4;5;6;7
1;2;3;4;5;6;7
1;2;3;4;5;6;7
1;2;3;4;5;6;7
1;2;3;4;5;6;7
1;2;3;4;5;6;7
1;2;3;4;5;6;7
1;2;3;4;5;6;7
1;2;3;4;5;6;7
1;2;3;4;5;6;7
1;2;3;4;5;6;7
1;2;3;4;5;6;7
1;2;3;4;5;6;7
1;2;3;4;5;6;7
1;2;3;4;5;6;7
1;2;3;4;5;6;7
1;2;3;4;5;6;7
1;2;3;4;5;6;7
1;2;3;4;5;6;7
1;2;3;4;5;6;7
1;2;3;4;5;6;7
1;2;3;4;5;6;7
1;2;3;4;5;6;7
1;2;3;4;5;6;7
1;2;3;4;5;6;7
1;2;3;4;5;6;7
1;2;3;4;5;6;7
1;2;3;4;5;6;7
1;2;3;4;5;6;7
1;2;3;4;5;6;7
1;2;3;4;5;6;7
1;2;3;4;5;6;7
1;2;3;4;5;6;7
1;2;3;4;5;6;7
1;2;3;4;5;6;7
1;2;3;4;5;6;7
1;2;3;4;5;6;7
1;2;3;4;5;6;7
1;2;3;4;5;6;7
1;2;3;4;5;6;7
1;2;3;4;5;6;7
1;2;3;4;5;6;7
1;2;3;4;5;6;7
1;2;3;4;5;6;7
1;2;3;4;5;6;7
1;2;3;4;5;6;7
1;2;3;4;5;6;7
1;2;3;4;5;6;7
1;2;3;4;5;6;7
1;2;3;4;5;6;7
1;2;3;4;5;6;7
1;2;3;4;5;6;7
1;2;3;4;5;6;7
1;2;3;4;5;6;7
1;2;3;4;5;6;7
1;2;3;4;5;6;7
1;2;3;4;5;6;7
1;2;3;4;5;6;7
1;2;3;4;5;6;7
1;2;3;4;5;6;7
1;2;3;4;5;6;7
1;2;3;4;5;6;7
1;2;3;4;5;6;7
1;2;3;4;5;6;7
1;2;3;4;5;6;7
1;2;3;4;5;6;7
1;2;3;4;5;6;7
1;2;3;4;5;6;7
1;2;3;4;5;6;7
1;2;3;4;5;6;7
1;2;3;4;5;6;7
1;2;3;4;5;6;7
1;2;3;4;5;6;7
1;2;3;4;5;6;7
1;2;3;4;5;6;7
1;2;3;4;5;6;7
1;2;3;4;5;6;7
1;2;3;4;5;6;7
1;2;3;4;5;6;7
1;2;3;4;5;6;7
1;2;3;4;5;6;7
1;2;3;4;5;6;7
1;2;3;4;5;6;7
1;2;3;4;5;6;7
1;2;3;4;5;6;7
1;2;3;4;5;6;7
1;2;3;4;5;6;7
1;2;3;4;5;6;7
1;2;3;4;5;6;7
1;2;3;4;5;6;7
1;2;3;4;5;6;7
1;2;3;4;5;6;7
1;2;3;4;5;6;7
1;2;3;4;5;6;7
1;2;3;4;5;6;7
1;2;3;4;5;6;7
1;2;3;4;5;6;7
1;2;3;4;5;6;7
1;2;3;4;5;6;7
1;2;3;4;5;6;7
1;2;3;4;5;6;7
1;2;3;4;5;6;7
1;2;3;4;5;6;7
1;2;3;4;5;6;7
1;2;3;4;5;6;7
1;2;3;4;5;6;7
1;2;3;4;5;6;7
1;2;3;4;5;6;7
1;2;3;4;5;6;7
1;2;3;4;5;6;7
1;2;3;4;5;6;7
1;2;3;4;5;6;7
1;2;3;4;5;6;7
1;2;3;4;5;6;7
1;2;3;4;5;6;7
1;2;3;4;5;6;7
1;2;3;4;5;6;7
1;2;3;4;5;6;7
1;2;3;4;5;6;7
1;2;3;4;5;6;7
1;2;3;4;5;6;7
1;2;3;4;5;6;7
1;2;3;4;5;6;7
1;2;3;4;5;6;7
1;2;3;4;5;6;7
1;2;3;4;5;6;7
1;2;3;4;5;6;7
1;2;3;4;5;6;7
1;2;3;4;5;6;7
1;2;3;4;5;6;7
1;2;3;4;5;6;7
1;2;3;4;5;6;7
1;2;3;4;5;6;7
1;2;3;4;5;6;7
1;2;3;4;5;6;7
1;2;3;4;5;6;7
1;2;3;4;5;6;7
1;2;3;4;5;6;7
1;2;3;4;5;6;7
1;2;3;4;5;6;7
1;2;3;4;5;6;7
1;2;3;4;5;6;7
1;2;3;4;5;6;7
1;2;3;4;5;6;7
1;2;3;4;5;6;7
1;2;3;4;5;6;7
1;2;3;4;5;6;7
1;2;3;4;5;6;7
1;2;3;4;5;6;7
1;2;3;4;5;6;7
1;2;3;4;5;6;7
1;2;3;4;5;6;7
1;2;3;4;5;6;7
1;2;3;4;5;6;7
1;2;3;4;5;6;7
1;2;3;4;5;6;7
1;2;3;4;5;6;7
1;2;3;4;5;6;7
1;2;3;4;5;6;7
1;2;3;4;5;6;7
1;2;3;4;5;6;7
1;2;3;4;5;6;7
1;2;3;4;5;6;7
1;2;3;4;5;6;7
1;2;3;4;5;6;7
1;2;3;4;5;6;7
1;2;3;4;5;6;7
1;2;3;4;5;6;7
1;2;3;4;5;6;7
1;2;3;4;5;6;7
1;2;3;4;5;6;7
1;2;3;4;5;6;7
1;2;3;4;5;6;7
1;2;3;4;5;6;7
1;2;3;4;5;6;7
1;2;3;4;5;6;7
1;2;3;4;5;6;7
1;2;3;4;5;6;7
1;2;3;4;5;6;7
1;2;3;4;5;6;7
1;2;3;4;5;6;7
1;2;3;4;5;6;7
1;2;3;4;5;6;7
1;2;3;4;5;6;7
1;2;3;4;5;6;7
1;2;3;4;5;6;7
1;2;3;4;5;6;7
1;2;3;4;5;6;7
1;2;3;4;5;6;7
1;2;3;4;5;6;7
1;2;3;4;5;6;7
1;2;3;4;5;6;7
1;2;3;4;5;6;7
1;2;3;4;5;6;7
1;2;3;4;5;6;7
1;2;3;4;5;6;7
1;2;3;4;5;6;7
1;2;3;4;5;6;7
1;2;3;4;5;6;7
1;2;3;4;5;6;7
1;2;3;4;5;6;7
1;2;3;4;5;6;7
1;2;3;4;5;6;7
1;2;3;4;5;6;7
1;2;3;4;5;6;7
1;2;3;4;5;6;7
1;2;3;4;5;6;7
1;2;3;4;5;6;7
1;2;3;4;5;6;7
1;2;3;4;5;6;7
1;2;3;4;5;6;7
1;2;3;4;5;6;7
1;2;3;4;5;6;7
1;2;3;4;5;6;7
1;2;3;4;5;6;7
1;2;3;4;5;6;7
1;2;3;4;5;6;7
1;2;3;4;5;6;7
1;2;3;4;5;6;7
1;2;3;4;5;6;7
1;2;3;4;5;6;7
1;2;3;4;5;6;7
1;2;3;4;5;6;7
1;2;3;4;5;6;7
1;2;3;4;5;6;7
1;2;3;4;5;6;7
1;2;3;4;5;6;7
1;2;3;4;5;6;7
1;2;3;4;5;6;7
1;2;3;4;5;6;7
1;2;3;4;5;6;7
1;2;3;4;5;6;7
1;2;3;4;5;6;7
1;2;3;4;5;6;7
1;2;3;4;5;6;7
1;2;3;4;5;6;7
1;2;3;4;5;6;7
1;2;3;4;5;6;7
1;2;3;4;5;6;7
1;2;3;4;5;6;7
1;2;3;4;5;6;7
1;2;3;4;5;6;7
1;2;3;4;5;6;7
1;2;3;4;5;6;7
1;2;3;4;5;6;7
1;2;3;4;5;6;7
1;2;3;4;5;6;7
1;2;3;4;5;6;7
1;2;3;4;5;6;7
1;2;3;4;5;6;7
1;2;3;4;5;6;7
1;2;3;4;5;6;7
1;2;3;4;5;6;7
1;2;3;4;5;6;7
1;2;3;4;5;6;7
1;2;3;4;5;6;7
1;2;3;4;5;6;7
1;2;3;4;5;6;7
1;2;3;4;5;6;7
1;2;3;4;5;6;7
1;2;3;4;5;6;7
1;2;3;4;5;6;7
1;2;3;4;5;6;7
1;2;3;4;5;6;7
1;2;3;4;5;6;7
1;2;3;4;5;6;7
1;2;3;4;5;6;7
1;2;3;4;5;6;7
1;2;3;4;5;6;7
1;2;3;4;5;6;7
1;2;3;4;5;6;7
1;2;3;4;5;6;7
1;2;3;4;5;6;7
1;2;3;4;5;6;7
1;2;3;4;5;6;7
1;2;3;4;5;6;7
1;2;3;4;5;6;7
1;2;3;4;5;6;7
1;2;3;4;5;6;7
1;2;3;4;5;6;7
1;2;3;4;5;6;7
1;2;3;4;5;6;7
1;2;3;4;5;6;7
1;2;3;4;5;6;7
1;2;3;4;5;6;7
1;2;3;4;5;6;7
1;2;3;4;5;6;7
1;2;3;4;5;6;7
1;2;3;4;5;6;7
1;2;3;4;5;6;7
1;2;3;4;5;6;7
1;2;3;4;5;6;7
1;2;3;4;5;6;7
1;2;3;4;5;6;7
1;2;3;4;5;6;7
1;2;3;4;5;6;7
1;2;3;4;5;6;7
1;2;3;4;5;6;7
1;2;3;4;5;6;7
1;2;3;4;5;6;7
1;2;3;4;5;6;7
1;2;3;4;5;6;7
1;2;3;4;5;6;7
1;2;3;4;5;6;7
1;2;3;4;5;6;7
1;2;3;4;5;6;7
1;2;3;4;5;6;7
1;2;3;4;5;6;7
1;2;3;4;5;6;7
1;2;3;4;5;6;7
1;2;3;4;5;6;7
1;2;3;4;5;6;7
1;2;3;4;5;6;7
1;2;3;4;5;6;7
1;2;3;4;5;6;7
1;2;3;4;5;6;7
1;2;3;4;5;6;7
1;2;3;4;5;6;7
1;2;3;4;5;6;7
1;2;3;4;5;6;7
1;2;3;4;5;6;7
1;2;3;4;5;6;7
1;2;3;4;5;6;7
1;2;3;4;5;6;7
1;2;3;4;5;6;7
1;2;3;4;5;6;7
1;2;3;4;5;6;7
1;2;3;4;5;6;7
1;2;3;4;5;6;7
1;2;3;4;5;6;7
1;2;3;4;5;6;7
1;2;3;4;5;6;7
1;2;3;4;5;6;7
1;2;3;4;5;6;7
1;2;3;4;5;6;7
1;2;3;4;5;6;7
1;2;3;4;5;6;7
1;2;3;4;5;6;7
1;2;3;4;5;6;7
1;2;3;4;5;6;7
1;2;3;4;5;6;7
1;2;3;4;5;6;7
1;2;3;4;5;6;7
1;2;3;4;5;6;7
1;2;3;4;5;6;7
1;2;3;4;5;6;7
1;2;3;4;5;6;7
1;2;3;4;5;6;7
1;2;3;4;5;6;7
1;2;3;4;5;6;7
1;2;3;4;5;6;7
1;2;3;4;5;6;7
1;2;3;4;5;6;7
1;2;3;4;5;6;7
1;2;3;4;5;6;7
1;2;3;4;5;6;7
1;2;3;4;5;6;7
1;2;3;4;5;6;7
1;2;3;4;5;6;7
1;2;3;4;5;6;7
1;2;3;4;5;6;7
1;2;3;4;5;6;7
1;2;3;4;5;6;7
1;2;3;4;5;6;7
1;2;3;4;5;6;7
1;2;3;4;5;6;7
1;2;3;4;5;6;7
1;2;3;4;5;6;7
1;2;3;4;5;6;7
1;2;3;4;5;6;7
1;2;3;4;5;6;7
1;2;3;4;5;6;7
1;2;3;4;5;6;7
1;2;3;4;5;6;7
1;2;3;4;5;6;7
1;2;3;4;5;6;7
1;2;3;4;5;6;7
1;2;3;4;5;6;7
1;2;3;4;5;6;7
1;2;3;4;5;6;7
1;2;3;4;5;6;7
1;2;3;4;5;6;7
1;2;3;4;5;6;7
1;2;3;4;5;6;7
1;2;3;4;5;6;7
1;2;3;4;5;6;7
1;2;3;4;5;6;7
1;2;3;4;5;6;7
1;2;3;4;5;6;7
1;2;3;4;5;6;7
1;2;3;4;5;6;7
1;2;3;4;5;6;7
1;2;3;4;5;6;7
1;2;3;4;5;6;7
1;2;3;4;5;6;7
1;2;3;4;5;6;7
1;2;3;4;5;6;7
1;2;3;4;5;6;7
1;2;3;4;5;6;7
1;2;3;4;5;6;7
1;2;3;4;5;6;7
1;2;3;4;5;6;7
1;2;3;4;5;6;7
1;2;3;4;5;6;7
1;2;3;4;5;6;7
1;2;3;4;5;6;7
1;2;3;4;5;6;7
1;2;3;4;5;6;7
1;2;3;4;5;6;7
1;2;3;4;5;6;7
1;2;3;4;5;6;7
1;2;3;4;5;6;7
1;2;3;4;5;6;7
1;2;3;4;5;6;7
1;2;3;4;5;6;7
1;2;3;4;5;6;7
1;2;3;4;5;6;7
1;2;3;4;5;6;7
1;2;3;4;5;6;7
1;2;3;4;5;6;7
1;2;3;4;5;6;7
1;2;3;4;5;6;7
1;2;3;4;5;6;7
1;2;3;4;5;6;7
1;2;3;4;5;6;7
1;2;3;4;5;6;7
1;2;3;4;5;6;7
1;2;3;4;5;6;7
1;2;3;4;5;6;7
1;2;3;4;5;6;7
1;2;3;4;5;6;7
1;2;3;4;5;6;7
1;2;3;4;5;6;7
1;2;3;4;5;6;7
1;2;3;4;5;6;7
1;2;3;4;5;6;7
1;2;3;4;5;6;7
1;2;3;4;5;6;7
1;2;3;4;5;6;7
1;2;3;4;5;6;7
1;2;3;4;5;6;7
1;2;3;4;5;6;7
1;2;3;4;5;6;7
1;2;3;4;5;6;7
1;2;3;4;5;6;7
1;2;3;4;5;6;7
1;2;3;4;5;6;7
1;2;3;4;5;6;7
1;2;3;4;5;6;7
1;2;3;4;5;6;7
1;2;3;4;5;6;7
1;2;3;4;5;6;7
1;2;3;4;5;6;7
1;2;3;4;5;6;7
1;2;3;4;5;6;7
1;2;3;4;5;6;7
1;2;3;4;5;6;7
1;2;3;4;5;6;7
1;2;3;4;5;6;7
1;2;3;4;5;6;7
1;2;3;4;5;6;7
1;2;3;4;5;6;7
1;2;3;4;5;6;7
1;2;3;4;5;6;7
1;2;3;4;5;6;7
1;2;3;4;5;6;7
1;2;3;4;5;6;7
1;2;3;4;5;6;7
1;2;3;4;5;6;7
1;2;3;4;5;6;7
1;2;3;4;5;6;7
1;2;3;4;5;6;7
1;2;3;4;5;6;7
1;2;3;4;5;6;7
1;2;3;4;5;6;7
1;2;3;4;5;6;7
1;2;3;4;5;6;7
1;2;3;4;5;6;7
1;2;3;4;5;6;7
1;2;3;4;5;6;7
1;2;3;4;5;6;7
1;2;3;4;5;6;7
1;2;3;4;5;6;7
1;2;3;4;5;6;7
1;2;3;4;5;6;7
1;2;3;4;5;6;7
1;2;3;4;5;6;7
1;2;3;4;5;6;7
1;2;3;4;5;6;7
1;2;3;4;5;6;7
1;2;3;4;5;6;7
1;2;3;4;5;6;7
1;2;3;4;5;6;7
1;2;3;4;5;6;7
1;2;3;4;5;6;7
1;2;3;4;5;6;7
1;2;3;4;5;6;7
1;2;3;4;5;6;7
1;2;3;4;5;6;7
1;2;3;4;5;6;7
1;2;3;4;5;6;7
1;2;3;4;5;6;7
1;2;3;4;5;6;7
1;2;3;4;5;6;7
1;2;3;4;5;6;7
1;2;3;4;5;6;7
1;2;3;4;5;6;7
1;2;3;4;5;6;7
1;2;3;4;5;6;7
1;2;3;4;5;6;7
1;2;3;4;5;6;7
1;2;3;4;5;6;7
1;2;3;4;5;6;7
1;2;3;4;5;6;7
1;2;3;4;5;6;7
1;2;3;4;5;6;7
1;2;3;4;5;6;7
1;2;3;4;5;6;7
1;2;3;4;5;6;7
1;2;3;4;5;6;7
1;2;3;4;5;6;7
1;2;3;4;5;6;7
1;2;3;4;5;6;7
1;2;3;4;5;6;7
1;2;3;4;5;6;7
1;2;3;4;5;6;7
1;2;3;4;5;6;7
1;2;3;4;5;6;7
1;2;3;4;5;6;7
1;2;3;4;5;6;7
1;2;3;4;5;6;7
1;2;3;4;5;6;7
1;2;3;4;5;6;7
1;2;3;4;5;6;7
1;2;3;4;5;6;7
1;2;3;4;5;6;7
1;2;3;4;5;6;7
1;2;3;4;5;6;7
1;2;3;4;5;6;7
1;2;3;4;5;6;7
1;2;3;4;5;6;7
1;2;3;4;5;6;7
1;2;3;4;5;6;7
1;2;3;4;5;6;7
1;2;3;4;5;6;7
1;2;3;4;5;6;7
1;2;3;4;5;6;7
1;2;3;4;5;6;7
1;2;3;4;5;6;7
1;2;3;4;5;6;7
1;2;3;4;5;6;7
1;2;3;4;5;6;7
1;2;3;4;5;6;7
1;2;3;4;5;6;7
1;2;3;4;5;6;7
1;2;3;4;5;6;7
1;2;3;4;5;6;7
1;2;3;4;5;6;7
1;2;3;4;5;6;7
1;2;3;4;5;6;7
1;2;3;4;5;6;7
1;2;3;4;5;6;7
1;2;3;4;5;6;7
1;2;3;4;5;6;7
1;2;3;4;5;6;7
1;2;3;4;5;6;7
1;2;3;4;5;6;7
1;2;3;4;5;6;7
1;2;3;4;5;6;7
1;2;3;4;5;6;7
1;2;3;4;5;6;7
1;2;3;4;5;6;7
1;2;3;4;5;6;7
1;2;3;4;5;6;7
1;2;3;4;5;6;7
1;2;3;4;5;6;7
1;2;3;4;5;6;7
1;2;3;4;5;6;7
1;2;3;4;5;6;7
1;2;3;4;5;6;7
1;2;3;4;5;6;7
1;2;3;4;5;6;7
1;2;3;4;5;6;7
1;2;3;4;5;6;7
1;2;3;4;5;6;7
1;2;3;4;5;6;7
1;2;3;4;5;6;7
1;2;3;4;5;6;7
1;2;3;4;5;6;7
1;2;3;4;5;6;7
1;2;3;4;5;6;7
1;2;3;4;5;6;7
1;2;3;4;5;6;7
1;2;3;4;5;6;7
1;2;3;4;5;6;7
1;2;3;4;5;6;7
1;2;3;4;5;6;7
1;2;3;4;5;6;7
1;2;3;4;5;6;7
1;2;3;4;5;6;7
1;2;3;4;5;6;7
1;2;3;4;5;6;7
1;2;3;4;5;6;7
1;2;3;4;5;6;7
1;2;3;4;5;6;7
1;2;3;4;5;6;7
1;2;3;4;5;6;7
1;2;3;4;5;6;7
1;2;3;4;5;6;7
1;2;3;4;5;6;7
1;2;3;4;5;6;7
1;2;3;4;5;6;7
1;2;3;4;5;6;7
1;2;3;4;5;6;7
1;2;3;4;5;6;7
1;2;3;4;5;6;7
1;2;3;4;5;6;7
1;2;3;4;5;6;7
1;2;3;4;5;6;7
1;2;3;4;5;6;7
1;2;3;4;5;6;7
1;2;3;4;5;6;7
1;2;3;4;5;6;7
1;2;3;4;5;6;7
1;2;3;4;5;6;7
1;2;3;4;5;6;7
1;2;3;4;5;6;7
1;2;3;4;5;6;7
1;2;3;4;5;6;7
1;2;3;4;5;6;7
1;2;3;4;5;6;7
1;2;3;4;5;6;7
1;2;3;4;5;6;7
1;2;3;4;5;6;7
1;2;3;4;5;6;7
1;2;3;4;5;6;7
1;2;3;4;5;6;7
1;2;3;4;5;6;7
1;2;3;4;5;6;7
1;2;3;4;5;6;7
1;2;3;4;5;6;7
1;2;3;4;5;6;7
1;2;3;4;5;6;7
1;2;3;4;5;6;7
1;2;3;4;5;6;7
1;2;3;4;5;6;7
1;2;3;4;5;6;7
1;2;3;4;5;6;7
1;2;3;4;5;6;7
1;2;3;4;5;6;7
1;2;3;4;5;6;7
1;2;3;4;5;6;7
1;2;3;4;5;6;7
1;2;3;4;5;6;7
1;2;3;4;5;6;7
1;2;3;4;5;6;7
1;2;3;4;5;6;7
1;2;3;4;5;6;7
1;2;3;4;5;6;7
1;2;3;4;5;6;7
1;2;3;4;5;6;7
1;2;3;4;5;6;7
1;2;3;4;5;6;7
1;2;3;4;5;6;7
1;2;3;4;5;6;7
1;2;3;4;5;6;7
1;2;3;4;5;6;7
1;2;3;4;5;6;7
1;2;3;4;5;6;7
1;2;3;4;5;6;7
1;2;3;4;5;6;7
1;2;3;4;5;6;7
1;2;3;4;5;6;7
1;2;3;4;5;6;7
1;2;3;4;5;6;7
1;2;3;4;5;6;7
1;2;3;4;5;6;7
1;2;3;4;5;6;7
1;2;3;4;5;6;7
1;2;3;4;5;6;7
1;2;3;4;5;6;7
1;2;3;4;5;6;7
1;2;3;4;5;6;7
1;2;3;4;5;6;7
1;2;3;4;5;6;7
1;2;3;4;5;6;7
1;2;3;4;5;6;7
1;2;3;4;5;6;7
1;2;3;4;5;6;7
1;2;3;4;5;6;7
1;2;3;4;5;6;7
1;2;3;4;5;6;7
1;2;3;4;5;6;7
1;2;3;4;5;6;7
1;2;3;4;5;6;7
1;2;3;4;5;6;7
1;2;3;4;5;6;7
1;2;3;4;5;6;7
1;2;3;4;5;6;7
1;2;3;4;5;6;7
1;2;3;4;5;6;7
1;2;3;4;5;6;7
1;2;3;4;5;6;7
1;2;3;4;5;6;7
1;2;3;4;5;6;7
1;2;3;4;5;6;7
1;2;3;4;5;6;7
1;2;3;4;5;6;7
1;2;3;4;5;6;7
1;2;3;4;5;6;7
1;2;3;4;5;6;7
1;2;3;4;5;6;7
1;2;3;4;5;6;7
1;2;3;4;5;6;7
1;2;3;4;5;6;7
1;2;3;4;5;6;7
1;2;3;4;5;6;7
1;2;3;4;5;6;7
1;2;3;4;5;6;7
1;2;3;4;5;6;7
1;2;3;4;5;6;7
1;2;3;4;5;6;7
1;2;3;4;5;6;7
1;2;3;4;5;6;7
1;2;3;4;5;6;7
1;2;3;4;5;6;7
1;2;3;4;5;6;7
1;2;3;4;5;6;7
1;2;3;4;5;6;7
1;2;3;4;5;6;7
1;2;3;4;5;6;7
1;2;3;4;5;6;7
1;2;3;4;5;6;7
1;2;3;4;5;6;7
1;2;3;4;5;6;7
1;2;3;4;5;6;7
1;2;3;4;5;6;7
1;2;3;4;5;6;7
1;2;3;4;5;6;7
1;2;3;4;5;6;7
1;2;3;4;5;6;7
1;2;3;4;5;6;7
1;2;3;4;5;6;7
1;2;3;4;5;6;7
1;2;3;4;5;6;7
1;2;3;4;5;6;7
1;2;3;4;5;6;7
1;2;3;4;5;6;7
1;2;3;4;5;6;7
1;2;3;4;5;6;7
1;2;3;4;5;6;7
1;2;3;4;5;6;7
1;2;3;4;5;6;7
1;2;3;4;5;6;7
1;2;3;4;5;6;7
1;2;3;4;5;6;7
1;2;3;4;5;6;7
1;2;3;4;5;6;7
1;2;3;4;5;6;7
1;2;3;4;5;6;7
1;2;3;4;5;6;7
1;2;3;4;5;6;7
1;2;3;4;5;6;7
1;2;3;4;5;6;7
1;2;3;4;5;6;7
1;2;3;4;5;6;7
1;2;3;4;5;6;7
1;2;3;4;5;6;7
1;2;3;4;5;6;7
1;2;3;4;5;6;7
1;2;3;4;5;6;7
1;2;3;4;5;6;7
1;2;3;4;5;6;7
1;2;3;4;5;6;7
1;2;3;4;5;6;7
1;2;3;4;5;6;7
1;2;3;4;5;6;7
1;2;3;4;5;6;7
1;2;3;4;5;6;7
1;2;3;4;5;6;7
1;2;3;4;5;6;7
1;2;3;4;5;6;7
1;2;3;4;5;6;7
1;2;3;4;5;6;7
1;2;3;4;5;6;7
1;2;3;4;5;6;7
1;2;3;4;5;6;7
1;2;3;4;5;6;7
1;2;3;4;5;6;7
1;2;3;4;5;6;7
1;2;3;4;5;6;7
1;2;3;4;5;6;7
1;2;3;4;5;6;7
1;2;3;4;5;6;7
1;2;3;4;5;6;7
1;2;3;4;5;6;7
1;2;3;4;5;6;7
1;2;3;4;5;6;7
1;2;3;4;5;6;7
1;2;3;4;5;6;7
1;2;3;4;5;6;7
1;2;3;4;5;6;7
1;2;3;4;5;6;7
1;2;3;4;5;6;7
1;2;3;4;5;6;7
1;2;3;4;5;6;7
1;2;3;4;5;6;7
1;2;3;4;5;6;7
1;2;3;4;5;6;7
1;2;3;4;5;6;7
1;2;3;4;5;6;7
1;2;3;4;5;6;7
1;2;3;4;5;6;7
1;2;3;4;5;6;7
1;2;3;4;5;6;7
1;2;3;4;5;6;7
1;2;3;4;5;6;7
1;2;3;4;5;6;7
1;2;3;4;5;6;7
1;2;3;4;5;6;7
1;2;3;4;5;6;7
1;2;3;4;5;6;7
1;2;3;4;5;6;7
1;2;3;4;5;6;7
1;2;3;4;5;6;7
1;2;3;4;5;6;7
1;2;3;4;5;6;7
1;2;3;4;5;6;7
1;2;3;4;5;6;7
1;2;3;4;5;6;7
1;2;3;4;5;6;7
1;2;3;4;5;6;7
1;2;3;4;5;6;7
1;2;3;4;5;6;7
1;2;3;4;5;6;7
1;2;3;4;5;6;7
1;2;3;4;5;6;7
1;2;3;4;5;6;7
1;2;3;4;5;6;7
1;2;3;4;5;6;7
1;2;3;4;5;6;7
1;2;3;4;5;6;7
1;2;3;4;5;6;7
1;2;3;4;5;6;7
1;2;3;4;5;6;7
1;2;3;4;5;6;7
1;2;3;4;5;6;7
1;2;3;4;5;6;7
1;2;3;4;5;6;7
1;2;3;4;5;6;7
1;2;3;4;5;6;7
1;2;3;4;5;6;7
1;2;3;4;5;6;7
1;2;3;4;5;6;7
1;2;3;4;5;6;7
1;2;3;4;5;6;7
1;2;3;4;5;6;7
1;2;3;4;5;6;7
1;2;3;4;5;6;7
1;2;3;4;5;6;7
1;2;3;4;5;6;7
1;2;3;4;5;6;7
1;2;3;4;5;6;7
1;2;3;4;5;6;7
1;2;3;4;5;6;7
1;2;3;4;5;6;7
1;2;3;4;5;6;7
1;2;3;4;5;6;7
1;2;3;4;5;6;7
1;2;3;4;5;6;7
1;2;3;4;5;6;7
1;2;3;4;5;6;7
1;2;3;4;5;6;7
1;2;3;4;5;6;7
1;2;3;4;5;6;7
1;2;3;4;5;6;7
1;2;3;4;5;6;7
1;2;3;4;5;6;7
1;2;3;4;5;6;7
1;2;3;4;5;6;7
1;2;3;4;5;6;7
1;2;3;4;5;6;7
1;2;3;4;5;6;7
1;2;3;4;5;6;7
1;2;3;4;5;6;7
1;2;3;4;5;6;7
1;2;3;4;5;6;7
1;2;3;4;5;6;7
1;2;3;4;5;6;7
1;2;3;4;5;6;7
1;2;3;4;5;6;7
1;2;3;4;5;6;7
1;2;3;4;5;6;7
1;2;3;4;5;6;7
1;2;3;4;5;6;7
1;2;3;4;5;6;7
1;2;3;4;5;6;7
1;2;3;4;5;6;7
1;2;3;4;5;6;7
1;2;3;4;5;6;7
1;2;3;4;5;6;7
1;2;3;4;5;6;7
1;2;3;4;5;6;7
1;2;3;4;5;6;7
1;2;3;4;5;6;7
1;2;3;4;5;6;7
1;2;3;4;5;6;7
1;2;3;4;5;6;7
1;2;3;4;5;6;7
1;2;3;4;5;6;7
1;2;3;4;5;6;7
1;2;3;4;5;6;7
1;2;3;4;5;6;7
1;2;3;4;5;6;7
1;2;3;4;5;6;7
1;2;3;4;5;6;7
1;2;3;4;5;6;7
1;2;3;4;5;6;7
1;2;3;4;5;6;7
1;2;3;4;5;6;7
1;2;3;4;5;6;7
1;2;3;4;5;6;7
1;2;3;4;5;6;7
1;2;3;4;5;6;7
1;2;3;4;5;6;7
1;2;3;4;5;6;7
1;2;3;4;5;6;7
1;2;3;4;5;6;7
1;2;3;4;5;6;7
1;2;3;4;5;6;7
1;2;3;4;5;6;7
1;2;3;4;5;6;7
1;2;3;4;5;6;7
1;2;3;4;5;6;7
1;2;3;4;5;6;7
1;2;3;4;5;6;7
1;2;3;4;5;6;7
1;2;3;4;5;6;7
1;2;3;4;5;6;7
1;2;3;4;5;6;7
1;2;3;4;5;6;7
1;2;3;4;5;6;7
1;2;3;4;5;6;7
1;2;3;4;5;6;7
1;2;3;4;5;6;7
1;2;3;4;5;6;7
1;2;3;4;5;6;7
1;2;3;4;5;6;7
1;2;3;4;5;6;7
1;2;3;4;5;6;7
1;2;3;4;5;6;7
1;2;3;4;5;6;7
1;2;3;4;5;6;7
1;2;3;4;5;6;7
1;2;3;4;5;6;7
1;2;3;4;5;6;7
1;2;3;4;5;6;7
1;2;3;4;5;6;7
1;2;3;4;5;6;7
1;2;3;4;5;6;7
1;2;3;4;5;6;7
1;2;3;4;5;6;7
1;2;3;4;5;6;7
1;2;3;4;5;6;7
1;2;3;4;5;6;7
1;2;3;4;5;6;7
1;2;3;4;5;6;7
1;2;3;4;5;6;7
1;2;3;4;5;6;7
1;2;3;4;5;6;7
1;2;3;4;5;6;7
1;2;3;4;5;6;7
1;2;3;4;5;6;7
1;2;3;4;5;6;7
1;2;3;4;5;6;7
1;2;3;4;5;6;7
1;2;3;4;5;6;7
1;2;3;4;5;6;7
1;2;3;4;5;6;7
1;2;3;4;5;6;7
1;2;3;4;5;6;7
1;2;3;4;5;6;7
1;2;3;4;5;6;7
1;2;3;4;5;6;7
1;2;3;4;5;6;7
1;2;3;4;5;6;7
1;2;3;4;5;6;7
1;2;3;4;5;6;7
1;2;3;4;5;6;7
1;2;3;4;5;6;7
1;2;3;4;5;6;7
1;2;3;4;5;6;7
1;2;3;4;5;6;7
1;2;3;4;5;6;7
1;2;3;4;5;6;7
1;2;3;4;5;6;7
1;2;3;4;5;6;7
1;2;3;4;5;6;7
1;2;3;4;5;6;7
1;2;3;4;5;6;7
1;2;3;4;5;6;7
1;2;3;4;5;6;7
1;2;3;4;5;6;7
1;2;3;4;5;6;7
1;2;3;4;5;6;7
1;2;3;4;5;6;7
1;2;3;4;5;6;7
1;2;3;4;5;6;7
1;2;3;4;5;6;7
1;2;3;4;5;6;7
1;2;3;4;5;6;7
1;2;3;4;5;6;7
1;2;3;4;5;6;7
1;2;3;4;5;6;7
1;2;3;4;5;6;7
1;2;3;4;5;6;7
1;2;3;4;5;6;7
1;2;3;4;5;6;7
1;2;3;4;5;6;7
1;2;3;4;5;6;7
1;2;3;4;5;6;7
1;2;3;4;5;6;7
1;2;3;4;5;6;7
1;2;3;4;5;6;7
1;2;3;4;5;6;7
1;2;3;4;5;6;7
1;2;3;4;5;6;7
1;2;3;4;5;6;7
1;2;3;4;5;6;7
1;2;3;4;5;6;7
1;2;3;4;5;6;7
1;2;3;4;5;6;7
1;2;3;4;5;6;7
1;2;3;4;5;6;7
1;2;3;4;5;6;7
1;2;3;4;5;6;7
1;2;3;4;5;6;7
1;2;3;4;5;6;7
1;2;3;4;5;6;7
1;2;3;4;5;6;7
1;2;3;4;5;6;7
1;2;3;4;5;6;7
1;2;3;4;5;6;7
1;2;3;4;5;6;7
1;2;3;4;5;6;7
1;2;3;4;5;6;7
1;2;3;4;5;6;7
1;2;3;4;5;6;7
1;2;3;4;5;6;7
1;2;3;4;5;6;7
1;2;3;4;5;6;7
1;2;3;4;5;6;7
1;2;3;4;5;6;7
1;2;3;4;5;6;7
1;2;3;4;5;6;7
1;2;3;4;5;6;7
1;2;3;4;5;6;7
1;2;3;4;5;6;7
1;2;3;4;5;6;7
1;2;3;4;5;6;7
1;2;3;4;5;6;7
1;2;3;4;5;6;7
1;2;3;4;5;6;7
1;2;3;4;5;6;7
1;2;3;4;5;6;7
1;2;3;4;5;6;7
1;2;3;4;5;6;7
1;2;3;4;5;6;7
1;2;3;4;5;6;7
1;2;3;4;5;6;7
1;2;3;4;5;6;7
1;2;3;4;5;6;7
1;2;3;4;5;6;7
1;2;3;4;5;6;7
1;2;3;4;5;6;7
1;2;3;4;5;6;7
1;2;3;4;5;6;7
1;2;3;4;5;6;7
1;2;3;4;5;6;7
1;2;3;4;5;6;7
1;2;3;4;5;6;7
1;2;3;4;5;6;7
1;2;3;4;5;6;7
1;2;3;4;5;6;7
1;2;3;4;5;6;7
1;2;3;4;5;6;7
1;2;3;4;5;6;7
1;2;3;4;5;6;7
1;2;3;4;5;6;7
1;2;3;4;5;6;7
1;2;3;4;5;6;7
1;2;3;4;5;6;7
1;2;3;4;5;6;7
1;2;3;4;5;6;7
1;2;3;4;5;6;7
1;2;3;4;5;6;7
1;2;3;4;5;6;7
1;2;3;4;5;6;7
1;2;3;4;5;6;7
1;2;3;4;5;6;7
1;2;3;4;5;6;7
1;2;3;4;5;6;7
1;2;3;4;5;6;7
1;2;3;4;5;6;7
1;2;3;4;5;6;7
1;2;3;4;5;6;7
1;2;3;4;5;6;7
1;2;3;4;5;6;7
1;2;3;4;5;6;7
1;2;3;4;5;6;7
1;2;3;4;5;6;7
1;2;3;4;5;6;7
1;2;3;4;5;6;7
1;2;3;4;5;6;7
1;2;3;4;5;6;7
1;2;3;4;5;6;7
1;2;3;4;5;6;7
1;2;3;4;5;6;7
1;2;3;4;5;6;7
1;2;3;4;5;6;7
1;2;3;4;5;6;7
1;2;3;4;5;6;7
1;2;3;4;5;6;7
1;2;3;4;5;6;7
1;2;3;4;5;6;7
1;2;3;4;5;6;7
1;2;3;4;5;6;7
1;2;3;4;5;6;7
1;2;3;4;5;6;7
1;2;3;4;5;6;7
1;2;3;4;5;6;7
1;2;3;4;5;6;7
1;2;3;4;5;6;7
1;2;3;4;5;6;7
1;2;3;4;5;6;7
1;2;3;4;5;6;7
1;2;3;4;5;6;7
1;2;3;4;5;6;7
1;2;3;4;5;6;7
1;2;3;4;5;6;7
1;2;3;4;5;6;7
1;2;3;4;5;6;7
1;2;3;4;5;6;7
1;2;3;4;5;6;7
1;2;3;4;5;6;7
1;2;3;4;5;6;7
1;2;3;4;5;6;7
1;2;3;4;5;6;7
1;2;3;4;5;6;7
1;2;3;4;5;6;7
1;2;3;4;5;6;7
1;2;3;4;5;6;7
1;2;3;4;5;6;7
1;2;3;4;5;6;7
1;2;3;4;5;6;7
1;2;3;4;5;6;7
1;2;3;4;5;6;7
1;2;3;4;5;6;7
1;2;3;4;5;6;7
1;2;3;4;5;6;7
1;2;3;4;5;6;7
1;2;3;4;5;6;7
1;2;3;4;5;6;7
1;2;3;4;5;6;7
1;2;3;4;5;6;7
1;2;3;4;5;6;7
1;2;3;4;5;6;7
1;2;3;4;5;6;7
1;2;3;4;5;6;7
1;2;3;4;5;6;7
1;2;3;4;5;6;7
1;2;3;4;5;6;7
1;2;3;4;5;6;7
1;2;3;4;5;6;7
1;2;3;4;5;6;7
1;2;3;4;5;6;7
1;2;3;4;5;6;7
1;2;3;4;5;6;7
1;2;3;4;5;6;7
1;2;3;4;5;6;7
1;2;3;4;5;6;7
1;2;3;4;5;6;7
1;2;3;4;5;6;7
1;2;3;4;5;6;7
1;2;3;4;5;6;7
1;2;3;4;5;6;7
1;2;3;4;5;6;7
1;2;3;4;5;6;7
1;2;3;4;5;6;7
1;2;3;4;5;6;7
1;2;3;4;5;6;7
1;2;3;4;5;6;7
1;2;3;4;5;6;7
1;2;3;4;5;6;7
1;2;3;4;5;6;7
1;2;3;4;5;6;7
1;2;3;4;5;6;7
1;2;3;4;5;6;7
1;2;3;4;5;6;7
1;2;3;4;5;6;7
1;2;3;4;5;6;7
1;2;3;4;5;6;7
1;2;3;4;5;6;7
1;2;3;4;5;6;7
1;2;3;4;5;6;7
1;2;3;4;5;6;7
1;2;3;4;5;6;7
1;2;3;4;5;6;7
1;2;3;4;5;6;7
1;2;3;4;5;6;7
1;2;3;4;5;6;7
1;2;3;4;5;6;7
1;2;3;4;5;6;7
1;2;3;4;5;6;7
1;2;3;4;5;6;7
1;2;3;4;5;6;7
1;2;3;4;5;6;7
1;2;3;4;5;6;7
1;2;3;4;5;6;7
1;2;3;4;5;6;7
1;2;3;4;5;6;7
1;2;3;4;5;6;7
1;2;3;4;5;6;7
1;2;3;4;5;6;7
1;2;3;4;5;6;7
1;2;3;4;5;6;7
1;2;3;4;5;6;7
1;2;3;4;5;6;7
1;2;3;4;5;6;7
1;2;3;4;5;6;7
1;2;3;4;5;6;7
1;2;3;4;5;6;7
1;2;3;4;5;6;7
1;2;3;4;5;6;7
1;2;3;4;5;6;7
1;2;3;4;5;6;7
1;2;3;4;5;6;7
1;2;3;4;5;6;7
1;2;3;4;5;6;7
1;2;3;4;5;6;7
1;2;3;4;5;6;7
1;2;3;4;5;6;7
1;2;3;4;5;6;7
1;2;3;4;5;6;7
1;2;3;4;5;6;7
1;2;3;4;5;6;7
1;2;3;4;5;6;7
1;2;3;4;5;6;7
1;2;3;4;5;6;7
1;2;3;4;5;6;7
1;2;3;4;5;6;7
1;2;3;4;5;6;7
1;2;3;4;5;6;7
1;2;3;4;5;6;7
1;2;3;4;5;6;7
1;2;3;4;5;6;7
1;2;3;4;5;6;7
1;2;3;4;5;6;7
1;2;3;4;5;6;7
1;2;3;4;5;6;7
1;2;3;4;5;6;7
1;2;3;4;5;6;7
1;2;3;4;5;6;7
1;2;3;4;5;6;7
1;2;3;4;5;6;7
1;2;3;4;5;6;7
1;2;3;4;5;6;7
1;2;3;4;5;6;7
1;2;3;4;5;6;7
1;2;3;4;5;6;7
1;2;3;4;5;6;7
1;2;3;4;5;6;7
1;2;3;4;5;6;7
1;2;3;4;5;6;7
1;2;3;4;5;6;7
1;2;3;4;5;6;7
1;2;3;4;5;6;7
1;2;3;4;5;6;7
1;2;3;4;5;6;7
1;2;3;4;5;6;7
1;2;3;4;5;6;7
1;2;3;4;5;6;7
1;2;3;4;5;6;7
1;2;3;4;5;6;7
1;2;3;4;5;6;7
1;2;3;4;5;6;7
1;2;3;4;5;6;7
1;2;3;4;5;6;7
1;2;3;4;5;6;7
1;2;3;4;5;6;7
1;2;3;4;5;6;7
1;2;3;4;5;6;7
1;2;3;4;5;6;7
1;2;3;4;5;6;7
1;2;3;4;5;6;7
1;2;3;4;5;6;7
1;2;3;4;5;6;7
1;2;3;4;5;6;7
1;2;3;4;5;6;7
1;2;3;4;5;6;7
1;2;3;4;5;6;7
1;2;3;4;5;6;7
1;2;3;4;5;6;7
1;2;3;4;5;6;7
1;2;3;4;5;6;7
1;2;3;4;5;6;7
1;2;3;4;5;6;7
1;2;3;4;5;6;7
1;2;3;4;5;6;7
1;2;3;4;5;6;7
1;2;3;4;5;6;7
1;2;3;4;5;6;7
1;2;3;4;5;6;7
1;2;3;4;5;6;7
1;2;3;4;5;6;7
1;2;3;4;5;6;7
1;2;3;4;5;6;7
1;2;3;4;5;6;7
1;2;3;4;5;6;7
1;2;3;4;5;6;7
1;2;3;4;5;6;7
1;2;3;4;5;6;7
1;2;3;4;5;6;7
1;2;3;4;5;6;7
1;2;3;4;5;6;7
1;2;3;4;5;6;7
1;2;3;4;5;6;7
1;2;3;4;5;6;7
1;2;3;4;5;6;7
1;2;3;4;5;6;7
1;2;3;4;5;6;7
1;2;3;4;5;6;7
1;2;3;4;5;6;7
1;2;3;4;5;6;7
1;2;3;4;5;6;7
1;2;3;4;5;6;7
1;2;3;4;5;6;7
1;2;3;4;5;6;7
1;2;3;4;5;6;7
1;2;3;4;5;6;7
1;2;3;4;5;6;7
1;2;3;4;5;6;7
1;2;3;4;5;6;7
1;2;3;4;5;6;7
1;2;3;4;5;6;7
1;2;3;4;5;6;7
1;2;3;4;5;6;7
1;2;3;4;5;6;7
1;2;3;4;5;6;7
1;2;3;4;5;6;7
1;2;3;4;5;6;7
1;2;3;4;5;6;7
1;2;3;4;5;6;7
1;2;3;4;5;6;7
1;2;3;4;5;6;7
1;2;3;4;5;6;7
1;2;3;4;5;6;7
1;2;3;4;5;6;7
1;2;3;4;5;6;7
1;2;3;4;5;6;7
1;2;3;4;5;6;7
1;2;3;4;5;6;7
1;2;3;4;5;6;7
1;2;3;4;5;6;7
1;2;3;4;5;6;7
1;2;3;4;5;6;7
1;2;3;4;5;6;7
1;2;3;4;5;6;7
1;2;3;4;5;6;7
1;2;3;4;5;6;7
1;2;3;4;5;6;7
1;2;3;4;5;6;7
1;2;3;4;5;6;7
1;2;3;4;5;6;7
1;2;3;4;5;6;7
1;2;3;4;5;6;7
1;2;3;4;5;6;7
1;2;3;4;5;6;7
1;2;3;4;5;6;7
1;2;3;4;5;6;7
1;2;3;4;5;6;7
1;2;3;4;5;6;7
1;2;3;4;5;6;7
1;2;3;4;5;6;7
1;2;3;4;5;6;7
1;2;3;4;5;6;7
1;2;3;4;5;6;7
1;2;3;4;5;6;7
1;2;3;4;5;6;7
1;2;3;4;5;6;7
1;2;3;4;5;6;7
1;2;3;4;5;6;7
1;2;3;4;5;6;7
1;2;3;4;5;6;7
1;2;3;4;5;6;7
1;2;3;4;5;6;7
1;2;3;4;5;6;7
1;2;3;4;5;6;7
1;2;3;4;5;6;7
1;2;3;4;5;6;7
1;2;3;4;5;6;7
1;2;3;4;5;6;7
1;2;3;4;5;6;7
1;2;3;4;5;6;7
1;2;3;4;5;6;7
1;2;3;4;5;6;7
1;2;3;4;5;6;7
1;2;3;4;5;6;7
1;2;3;4;5;6;7
1;2;3;4;5;6;7
1;2;3;4;5;6;7
1;2;3;4;5;6;7
1;2;3;4;5;6;7
1;2;3;4;5;6;7
1;2;3;4;5;6;7
1;2;3;4;5;6;7
1;2;3;4;5;6;7
1;2;3;4;5;6;7
1;2;3;4;5;6;7
1;2;3;4;5;6;7
1;2;3;4;5;6;7
1;2;3;4;5;6;7
1;2;3;4;5;6;7
1;2;3;4;5;6;7
1;2;3;4;5;6;7
1;2;3;4;5;6;7
1;2;3;4;5;6;7
1;2;3;4;5;6;7
1;2;3;4;5;6;7
1;2;3;4;5;6;7
1;2;3;4;5;6;7
1;2;3;4;5;6;7
1;2;3;4;5;6;7
1;2;3;4;5;6;7
1;2;3;4;5;6;7
1;2;3;4;5;6;7
1;2;3;4;5;6;7
1;2;3;4;5;6;7
1;2;3;4;5;6;7
1;2;3;4;5;6;7
1;2;3;4;5;6;7
1;2;3;4;5;6;7
1;2;3;4;5;6;7
1;2;3;4;5;6;7
1;2;3;4;5;6;7
1;2;3;4;5;6;7
1;2;3;4;5;6;7
1;2;3;4;5;6;7
1;2;3;4;5;6;7
1;2;3;4;5;6;7
1;2;3;4;5;6;7
1;2;3;4;5;6;7
1;2;3;4;5;6;7
1;2;3;4;5;6;7
1;2;3;4;5;6;7
1;2;3;4;5;6;7
1;2;3;4;5;6;7
1;2;3;4;5;6;7
1;2;3;4;5;6;7
1;2;3;4;5;6;7
1;2;3;4;5;6;7
1;2;3;4;5;6;7
1;2;3;4;5;6;7
1;2;3;4;5;6;7
1;2;3;4;5;6;7
1;2;3;4;5;6;7
1;2;3;4;5;6;7
1;2;3;4;5;6;7
1;2;3;4;5;6;7
1;2;3;4;5;6;7
1;2;3;4;5;6;7
1;2;3;4;5;6;7
1;2;3;4;5;6;7
1;2;3;4;5;6;7
1;2;3;4;5;6;7
1;2;3;4;5;6;7
1;2;3;4;5;6;7
1;2;3;4;5;6;7
1;2;3;4;5;6;7
1;2;3;4;5;6;7
1;2;3;4;5;6;7
1;2;3;4;5;6;7
1;2;3;4;5;6;7
1;2;3;4;5;6;7
1;2;3;4;5;6;7
1;2;3;4;5;6;7
1;2;3;4;5;6;7
1;2;3;4;5;6;7
1;2;3;4;5;6;7
1;2;3;4;5;6;7
1;2;3;4;5;6;7
1;2;3;4;5;6;7
1;2;3;4;5;6;7
1;2;3;4;5;6;7
1;2;3;4;5;6;7
1;2;3;4;5;6;7
1;2;3;4;5;6;7
1;2;3;4;5;6;7
1;2;3;4;5;6;7
1;2;3;4;5;6;7
1;2;3;4;5;6;7
1;2;3;4;5;6;7
1;2;3;4;5;6;7
1;2;3;4;5;6;7
1;2;3;4;5;6;7
1;2;3;4;5;6;7
1;2;3;4;5;6;7
1;2;3;4;5;6;7
1;2;3;4;5;6;7
1;2;3;4;5;6;7
1;2;3;4;5;6;7
1;2;3;4;5;6;7
1;2;3;4;5;6;7
1;2;3;4;5;6;7
1;2;3;4;5;6;7
1;2;3;4;5;6;7
1;2;3;4;5;6;7
1;2;3;4;5;6;7
1;2;3;4;5;6;7
1;2;3;4;5;6;7
1;2;3;4;5;6;7
1;2;3;4;5;6;7
1;2;3;4;5;6;7
1;2;3;4;5;6;7
1;2;3;4;5;6;7
1;2;3;4;5;6;7
1;2;3;4;5;6;7
1;2;3;4;5;6;7
1;2;3;4;5;6;7
1;2;3;4;5;6;7
1;2;3;4;5;6;7
1;2;3;4;5;6;7
1;2;3;4;5;6;7
1;2;3;4;5;6;7
1;2;3;4;5;6;7
1;2;3;4;5;6;7
1;2;3;4;5;6;7
1;2;3;4;5;6;7
1;2;3;4;5;6;7
1;2;3;4;5;6;7
1;2;3;4;5;6;7
1;2;3;4;5;6;7
1;2;3;4;5;6;7
1;2;3;4;5;6;7
1;2;3;4;5;6;7
1;2;3;4;5;6;7
1;2;3;4;5;6;7
1;2;3;4;5;6;7
1;2;3;4;5;6;7
1;2;3;4;5;6;7
1;2;3;4;5;6;7
1;2;3;4;5;6;7
1;2;3;4;5;6;7
1;2;3;4;5;6;7
1;2;3;4;5;6;7
1;2;3;4;5;6;7
1;2;3;4;5;6;7
1;2;3;4;5;6;7
1;2;3;4;5;6;7
1;2;3;4;5;6;7
1;2;3;4;5;6;7
1;2;3;4;5;6;7
1;2;3;4;5;6;7
1;2;3;4;5;6;7
1;2;3;4;5;6;7
1;2;3;4;5;6;7
1;2;3;4;5;6;7
1;2;3;4;5;6;7
1;2;3;4;5;6;7
1;2;3;4;5;6;7
1;2;3;4;5;6;7
1;2;3;4;5;6;7
1;2;3;4;5;6;7
1;2;3;4;5;6;7
1;2;3;4;5;6;7
1;2;3;4;5;6;7
1;2;3;4;5;6;7
1;2;3;4;5;6;7
1;2;3;4;5;6;7
1;2;3;4;5;6;7
1;2;3;4;5;6;7
1;2;3;4;5;6;7
1;2;3;4;5;6;7
1;2;3;4;5;6;7
1;2;3;4;5;6;7
1;2;3;4;5;6;7
1;2;3;4;5;6;7
1;2;3;4;5;6;7
1;2;3;4;5;6;7
1;2;3;4;5;6;7
1;2;3;4;5;6;7
1;2;3;4;5;6;7
1;2;3;4;5;6;7
1;2;3;4;5;6;7
1;2;3;4;5;6;7
1;2;3;4;5;6;7
1;2;3;4;5;6;7
1;2;3;4;5;6;7
1;2;3;4;5;6;7
1;2;3;4;5;6;7
1;2;3;4;5;6;7
1;2;3;4;5;6;7
1;2;3;4;5;6;7
1;2;3;4;5;6;7
1;2;3;4;5;6;7
1;2;3;4;5;6;7
1;2;3;4;5;6;7
1;2;3;4;5;6;7
1;2;3;4;5;6;7
1;2;3;4;5;6;7
1;2;3;4;5;6;7
1;2;3;4;5;6;7
1;2;3;4;5;6;7
1;2;3;4;5;6;7
1;2;3;4;5;6;7
1;2;3;4;5;6;7
1;2;3;4;5;6;7
1;2;3;4;5;6;7
1;2;3;4;5;6;7
1;2;3;4;5;6;7
1;2;3;4;5;6;7
1;2;3;4;5;6;7
1;2;3;4;5;6;7
1;2;3;4;5;6;7
1;2;3;4;5;6;7
1;2;3;4;5;6;7
1;2;3;4;5;6;7
1;2;3;4;5;6;7
1;2;3;4;5;6;7
1;2;3;4;5;6;7
1;2;3;4;5;6;7
1;2;3;4;5;6;7
1;2;3;4;5;6;7
1;2;3;4;5;6;7
1;2;3;4;5;6;7
1;2;3;4;5;6;7
1;2;3;4;5;6;7
1;2;3;4;5;6;7
1;2;3;4;5;6;7
1;2;3;4;5;6;7
1;2;3;4;5;6;7
1;2;3;4;5;6;7
1;2;3;4;5;6;7
1;2;3;4;5;6;7
1;2;3;4;5;6;7
1;2;3;4;5;6;7
1;2;3;4;5;6;7
1;2;3;4;5;6;7
1;2;3;4;5;6;7
1;2;3;4;5;6;7
1;2;3;4;5;6;7
1;2;3;4;5;6;7
1;2;3;4;5;6;7
1;2;3;4;5;6;7
1;2;3;4;5;6;7
1;2;3;4;5;6;7
1;2;3;4;5;6;7
1;2;3;4;5;6;7
1;2;3;4;5;6;7
1;2;3;4;5;6;7
1;2;3;4;5;6;7
1;2;3;4;5;6;7
1;2;3;4;5;6;7
1;2;3;4;5;6;7
1;2;3;4;5;6;7
1;2;3;4;5;6;7
1;2;3;4;5;6;7
1;2;3;4;5;6;7
1;2;3;4;5;6;7
1;2;3;4;5;6;7
1;2;3;4;5;6;7
1;2;3;4;5;6;7
1;2;3;4;5;6;7
1;2;3;4;5;6;7
1;2;3;4;5;6;7
1;2;3;4;5;6;7
1;2;3;4;5;6;7
1;2;3;4;5;6;7
1;2;3;4;5;6;7
1;2;3;4;5;6;7
1;2;3;4;5;6;7
1;2;3;4;5;6;7
1;2;3;4;5;6;7
1;2;3;4;5;6;7
1;2;3;4;5;6;7
1;2;3;4;5;6;7
1;2;3;4;5;6;7
1;2;3;4;5;6;7
1;2;3;4;5;6;7
1;2;3;4;5;6;7
1;2;3;4;5;6;7
1;2;3;4;5;6;7
1;2;3;4;5;6;7
1;2;3;4;5;6;7
1;2;3;4;5;6;7
1;2;3;4;5;6;7
1;2;3;4;5;6;7
1;2;3;4;5;6;7
1;2;3;4;5;6;7
1;2;3;4;5;6;7
1;2;3;4;5;6;7
1;2;3;4;5;6;7
1;2;3;4;5;6;7
1;2;3;4;5;6;7
1;2;3;4;5;6;7
1;2;3;4;5;6;7
1;2;3;4;5;6;7
1;2;3;4;5;6;7
1;2;3;4;5;6;7
1;2;3;4;5;6;7
1;2;3;4;5;6;7
1;2;3;4;5;6;7
1;2;3;4;5;6;7
1;2;3;4;5;6;7
1;2;3;4;5;6;7
1;2;3;4;5;6;7
1;2;3;4;5;6;7
1;2;3;4;5;6;7
1;2;3;4;5;6;7
1;2;3;4;5;6;7
1;2;3;4;5;6;7
1;2;3;4;5;6;7
1;2;3;4;5;6;7
1;2;3;4;5;6;7
1;2;3;4;5;6;7
1;2;3;4;5;6;7
1;2;3;4;5;6;7
1;2;3;4;5;6;7
1;2;3;4;5;6;7
1;2;3;4;5;6;7
1;2;3;4;5;6;7
1;2;3;4;5;6;7
1;2;3;4;5;6;7
1;2;3;4;5;6;7
1;2;3;4;5;6;7
1;2;3;4;5;6;7
1;2;3;4;5;6;7
1;2;3;4;5;6;7
1;2;3;4;5;6;7
1;2;3;4;5;6;7
1;2;3;4;5;6;7
1;2;3;4;5;6;7
1;2;3;4;5;6;7
1;2;3;4;5;6;7
1;2;3;4;5;6;7
1;2;3;4;5;6;7
1;2;3;4;5;6;7
1;2;3;4;5;6;7
1;2;3;4;5;6;7
1;2;3;4;5;6;7
1;2;3;4;5;6;7
1;2;3;4;5;6;7
1;2;3;4;5;6;7
1;2;3;4;5;6;7
1;2;3;4;5;6;7
1;2;3;4;5;6;7
1;2;3;4;5;6;7
1;2;3;4;5;6;7
1;2;3;4;5;6;7
1;2;3;4;5;6;7
1;2;3;4;5;6;7
1;2;3;4;5;6;7
1;2;3;4;5;6;7
1;2;3;4;5;6;7
1;2;3;4;5;6;7
1;2;3;4;5;6;7
1;2;3;4;5;6;7
1;2;3;4;5;6;7
1;2;3;4;5;6;7
1;2;3;4;5;6;7
1;2;3;4;5;6;7
1;2;3;4;5;6;7
1;2;3;4;5;6;7
1;2;3;4;5;6;7
1;2;3;4;5;6;7
1;2;3;4;5;6;7
1;2;3;4;5;6;7
1;2;3;4;5;6;7
1;2;3;4;5;6;7
1;2;3;4;5;6;7
1;2;3;4;5;6;7
1;2;3;4;5;6;7
1;2;3;4;5;6;7
1;2;3;4;5;6;7
1;2;3;4;5;6;7
1;2;3;4;5;6;7
1;2;3;4;5;6;7
1;2;3;4;5;6;7
1;2;3;4;5;6;7
1;2;3;4;5;6;7
1;2;3;4;5;6;7
1;2;3;4;5;6;7
1;2;3;4;5;6;7
1;2;3;4;5;6;7
1;2;3;4;5;6;7
1;2;3;4;5;6;7
1;2;3;4;5;6;7
1;2;3;4;5;6;7
1;2;3;4;5;6;7
1;2;3;4;5;6;7
1;2;3;4;5;6;7
1;2;3;4;5;6;7
1;2;3;4;5;6;7
1;2;3;4;5;6;7
1;2;3;4;5;6;7
1;2;3;4;5;6;7
1;2;3;4;5;6;7
1;2;3;4;5;6;7
1;2;3;4;5;6;7
1;2;3;4;5;6;7
1;2;3;4;5;6;7
1;2;3;4;5;6;7
1;2;3;4;5;6;7
1;2;3;4;5;6;7
1;2;3;4;5;6;7
1;2;3;4;5;6;7
1;2;3;4;5;6;7
1;2;3;4;5;6;7
1;2;3;4;5;6;7
1;2;3;4;5;6;7
1;2;3;4;5;6;7
1;2;3;4;5;6;7
1;2;3;4;5;6;7
1;2;3;4;5;6;7
1;2;3;4;5;6;7
1;2;3;4;5;6;7
1;2;3;4;5;6;7
1;2;3;4;5;6;7
1;2;3;4;5;6;7
1;2;3;4;5;6;7
1;2;3;4;5;6;7
1;2;3;4;5;6;7
1;2;3;4;5;6;7
1;2;3;4;5;6;7
1;2;3;4;5;6;7
1;2;3;4;5;6;7
1;2;3;4;5;6;7
1;2;3;4;5;6;7
1;2;3;4;5;6;7
1;2;3;4;5;6;7
1;2;3;4;5;6;7
1;2;3;4;5;6;7
1;2;3;4;5;6;7
1;2;3;4;5;6;7
1;2;3;4;5;6;7
1;2;3;4;5;6;7
1;2;3;4;5;6;7
1;2;3;4;5;6;7
1;2;3;4;5;6;7
1;2;3;4;5;6;7
1;2;3;4;5;6;7
1;2;3;4;5;6;7
1;2;3;4;5;6;7
1;2;3;4;5;6;7
1;2;3;4;5;6;7
1;2;3;4;5;6;7
1;2;3;4;5;6;7
1;2;3;4;5;6;7
1;2;3;4;5;6;7
1;2;3;4;5;6;7
1;2;3;4;5;6;7
1;2;3;4;5;6;7
1;2;3;4;5;6;7
1;2;3;4;5;6;7
1;2;3;4;5;6;7
1;2;3;4;5;6;7
1;2;3;4;5;6;7
1;2;3;4;5;6;7
1;2;3;4;5;6;7
1;2;3;4;5;6;7
1;2;3;4;5;6;7
1;2;3;4;5;6;7
1;2;3;4;5;6;7
1;2;3;4;5;6;7
1;2;3;4;5;6;7
1;2;3;4;5;6;7
1;2;3;4;5;6;7
1;2;3;4;5;6;7
1;2;3;4;5;6;7
1;2;3;4;5;6;7
1;2;3;4;5;6;7
1;2;3;4;5;6;7
1;2;3;4;5;6;7
1;2;3;4;5;6;7
1;2;3;4;5;6;7
1;2;3;4;5;6;7
1;2;3;4;5;6;7
1;2;3;4;5;6;7
1;2;3;4;5;6;7
1;2;3;4;5;6;7
1;2;3;4;5;6;7
1;2;3;4;5;6;7
1;2;3;4;5;6;7
1;2;3;4;5;6;7
1;2;3;4;5;6;7
1;2;3;4;5;6;7
1;2;3;4;5;6;7
1;2;3;4;5;6;7
1;2;3;4;5;6;7
1;2;3;4;5;6;7
1;2;3;4;5;6;7
1;2;3;4;5;6;7
1;2;3;4;5;6;7
1;2;3;4;5;6;7
1;2;3;4;5;6;7
1;2;3;4;5;6;7
1;2;3;4;5;6;7
1;2;3;4;5;6;7
1;2;3;4;5;6;7
1;2;3;4;5;6;7
1;2;3;4;5;6;7
1;2;3;4;5;6;7
1;2;3;4;5;6;7
1;2;3;4;5;6;7
1;2;3;4;5;6;7
1;2;3;4;5;6;7
1;2;3;4;5;6;7
1;2;3;4;5;6;7
1;2;3;4;5;6;7
1;2;3;4;5;6;7
1;2;3;4;5;6;7
1;2;3;4;5;6;7
1;2;3;4;5;6;7
1;2;3;4;5;6;7
1;2;3;4;5;6;7
